ts,date,hm,users_message,sent_message,messages_per_user
16/07/25 00:00,16/07/25,00:00,65,73,1.123076923076923
16/07/25 00:15,16/07/25,00:15,72,87,1.2083333333333333
16/07/25 00:30,16/07/25,00:30,70,74,1.0571428571428572
16/07/25 00:45,16/07/25,00:45,69,76,1.1014492753623188
16/07/25 01:00,16/07/25,01:00,59,66,1.11864406779661
16/07/25 01:15,16/07/25,01:15,60,65,1.0833333333333333
16/07/25 01:30,16/07/25,01:30,69,77,1.1159420289855073
16/07/25 01:45,16/07/25,01:45,50,54,1.08
16/07/25 02:00,16/07/25,02:00,60,68,1.1333333333333333
16/07/25 02:15,16/07/25,02:15,75,83,1.1066666666666667
16/07/25 02:30,16/07/25,02:30,48,52,1.0833333333333333
16/07/25 02:45,16/07/25,02:45,60,66,1.1
16/07/25 03:00,16/07/25,03:00,57,61,1.0701754385964912
16/07/25 03:15,16/07/25,03:15,66,72,1.0909090909090908
16/07/25 03:30,16/07/25,03:30,46,52,1.1304347826086956
16/07/25 03:45,16/07/25,03:45,52,54,1.0384615384615385
16/07/25 04:00,16/07/25,04:00,40,45,1.125
16/07/25 04:15,16/07/25,04:15,40,47,1.175
16/07/25 04:30,16/07/25,04:30,45,48,1.0666666666666667
16/07/25 04:45,16/07/25,04:45,45,51,1.1333333333333333
16/07/25 05:00,16/07/25,05:00,36,39,1.0833333333333333
16/07/25 05:15,16/07/25,05:15,48,53,1.1041666666666667
16/07/25 05:30,16/07/25,05:30,51,56,1.0980392156862746
16/07/25 05:45,16/07/25,05:45,37,43,1.162162162162162
16/07/25 06:00,16/07/25,06:00,65,81,1.2461538461538462
16/07/25 06:15,16/07/25,06:15,85,95,1.1176470588235294
16/07/25 06:30,16/07/25,06:30,60,65,1.0833333333333333
16/07/25 06:45,16/07/25,06:45,67,76,1.1343283582089552
16/07/25 07:00,16/07/25,07:00,89,95,1.0674157303370786
16/07/25 07:15,16/07/25,07:15,83,103,1.2409638554216869
16/07/25 07:30,16/07/25,07:30,77,93,1.2077922077922079
16/07/25 07:45,16/07/25,07:45,79,98,1.240506329113924
16/07/25 08:00,16/07/25,08:00,87,111,1.2758620689655173
16/07/25 08:15,16/07/25,08:15,104,137,1.3173076923076923
16/07/25 08:30,16/07/25,08:30,112,144,1.2857142857142858
16/07/25 08:45,16/07/25,08:45,101,115,1.1386138613861385
16/07/25 09:00,16/07/25,09:00,119,152,1.2773109243697478
16/07/25 09:15,16/07/25,09:15,120,163,1.3583333333333334
16/07/25 09:30,16/07/25,09:30,114,155,1.3596491228070176
16/07/25 09:45,16/07/25,09:45,110,136,1.2363636363636363
16/07/25 10:00,16/07/25,10:00,149,197,1.3221476510067114
16/07/25 10:15,16/07/25,10:15,139,181,1.3021582733812949
16/07/25 10:30,16/07/25,10:30,125,171,1.368
16/07/25 10:45,16/07/25,10:45,148,191,1.2905405405405406
16/07/25 11:00,16/07/25,11:00,141,188,1.3333333333333333
16/07/25 11:15,16/07/25,11:15,116,149,1.2844827586206897
16/07/25 11:30,16/07/25,11:30,154,183,1.1883116883116882
16/07/25 11:45,16/07/25,11:45,124,158,1.2741935483870968
16/07/25 12:00,16/07/25,12:00,114,153,1.3421052631578947
16/07/25 12:15,16/07/25,12:15,154,202,1.3116883116883118
16/07/25 12:30,16/07/25,12:30,131,173,1.3206106870229009
16/07/25 12:45,16/07/25,12:45,141,170,1.2056737588652482
16/07/25 13:00,16/07/25,13:00,112,165,1.4732142857142858
16/07/25 13:15,16/07/25,13:15,118,159,1.347457627118644
16/07/25 13:30,16/07/25,13:30,127,178,1.4015748031496063
16/07/25 13:45,16/07/25,13:45,124,166,1.3387096774193548
16/07/25 14:00,16/07/25,14:00,128,178,1.390625
16/07/25 14:15,16/07/25,14:15,132,174,1.3181818181818181
16/07/25 14:30,16/07/25,14:30,140,169,1.207142857142857
16/07/25 14:45,16/07/25,14:45,146,194,1.3287671232876712
16/07/25 15:00,16/07/25,15:00,131,169,1.2900763358778626
16/07/25 15:15,16/07/25,15:15,132,174,1.3181818181818181
16/07/25 15:30,16/07/25,15:30,137,197,1.437956204379562
16/07/25 15:45,16/07/25,15:45,137,181,1.3211678832116789
16/07/25 16:00,16/07/25,16:00,134,179,1.335820895522388
16/07/25 16:15,16/07/25,16:15,126,161,1.2777777777777777
16/07/25 16:30,16/07/25,16:30,134,188,1.4029850746268657
16/07/25 16:45,16/07/25,16:45,154,215,1.396103896103896
16/07/25 17:00,16/07/25,17:00,152,212,1.394736842105263
16/07/25 17:15,16/07/25,17:15,142,195,1.3732394366197183
16/07/25 17:30,16/07/25,17:30,130,175,1.3461538461538463
16/07/25 17:45,16/07/25,17:45,148,200,1.3513513513513513
16/07/25 18:00,16/07/25,18:00,147,189,1.2857142857142858
16/07/25 18:15,16/07/25,18:15,138,199,1.4420289855072463
16/07/25 18:30,16/07/25,18:30,151,197,1.304635761589404
16/07/25 18:45,16/07/25,18:45,144,197,1.3680555555555556
16/07/25 19:00,16/07/25,19:00,181,210,1.160220994475138
16/07/25 19:15,16/07/25,19:15,160,223,1.39375
16/07/25 19:30,16/07/25,19:30,154,213,1.3831168831168832
16/07/25 19:45,16/07/25,19:45,165,227,1.3757575757575757
16/07/25 20:00,16/07/25,20:00,142,197,1.3873239436619718
16/07/25 20:15,16/07/25,20:15,164,214,1.3048780487804879
16/07/25 20:30,16/07/25,20:30,154,207,1.344155844155844
16/07/25 20:45,16/07/25,20:45,167,217,1.2994011976047903
16/07/25 21:00,16/07/25,21:00,133,174,1.3082706766917294
16/07/25 21:15,16/07/25,21:15,111,133,1.1981981981981982
16/07/25 21:30,16/07/25,21:30,142,168,1.1830985915492958
16/07/25 21:45,16/07/25,21:45,129,167,1.2945736434108528
16/07/25 22:00,16/07/25,22:00,98,112,1.1428571428571428
16/07/25 22:15,16/07/25,22:15,88,96,1.0909090909090908
16/07/25 22:30,16/07/25,22:30,94,109,1.1595744680851063
16/07/25 22:45,16/07/25,22:45,100,125,1.25
16/07/25 23:00,16/07/25,23:00,63,73,1.1587301587301588
16/07/25 23:15,16/07/25,23:15,61,65,1.0655737704918034
16/07/25 23:30,16/07/25,23:30,71,80,1.1267605633802817
16/07/25 23:45,16/07/25,23:45,72,81,1.125
17/07/25 00:00,17/07/25,00:00,62,65,1.0483870967741935
17/07/25 00:15,17/07/25,00:15,79,88,1.1139240506329113
17/07/25 00:30,17/07/25,00:30,66,72,1.0909090909090908
17/07/25 00:45,17/07/25,00:45,74,84,1.135135135135135
17/07/25 01:00,17/07/25,01:00,57,64,1.1228070175438596
17/07/25 01:15,17/07/25,01:15,72,82,1.1388888888888888
17/07/25 01:30,17/07/25,01:30,68,75,1.1029411764705883
17/07/25 01:45,17/07/25,01:45,63,73,1.1587301587301588
17/07/25 02:00,17/07/25,02:00,53,62,1.169811320754717
17/07/25 02:15,17/07/25,02:15,61,66,1.0819672131147542
17/07/25 02:30,17/07/25,02:30,61,67,1.098360655737705
17/07/25 02:45,17/07/25,02:45,49,57,1.163265306122449
17/07/25 03:00,17/07/25,03:00,41,42,1.024390243902439
17/07/25 03:15,17/07/25,03:15,50,59,1.18
17/07/25 03:30,17/07/25,03:30,41,43,1.048780487804878
17/07/25 03:45,17/07/25,03:45,50,52,1.04
17/07/25 04:00,17/07/25,04:00,50,52,1.04
17/07/25 04:15,17/07/25,04:15,48,52,1.0833333333333333
17/07/25 04:30,17/07/25,04:30,35,35,1
17/07/25 04:45,17/07/25,04:45,54,55,1.0185185185185186
17/07/25 05:00,17/07/25,05:00,57,60,1.0526315789473684
17/07/25 05:15,17/07/25,05:15,42,47,1.119047619047619
17/07/25 05:30,17/07/25,05:30,62,64,1.032258064516129
17/07/25 05:45,17/07/25,05:45,42,45,1.0714285714285714
17/07/25 06:00,17/07/25,06:00,71,79,1.1126760563380282
17/07/25 06:15,17/07/25,06:15,71,80,1.1267605633802817
17/07/25 06:30,17/07/25,06:30,68,78,1.1470588235294117
17/07/25 06:45,17/07/25,06:45,65,70,1.0769230769230769
17/07/25 07:00,17/07/25,07:00,105,121,1.1523809523809523
17/07/25 07:15,17/07/25,07:15,86,101,1.1744186046511629
17/07/25 07:30,17/07/25,07:30,88,101,1.1477272727272727
17/07/25 07:45,17/07/25,07:45,74,90,1.2162162162162162
17/07/25 08:00,17/07/25,08:00,104,126,1.2115384615384615
17/07/25 08:15,17/07/25,08:15,96,119,1.2395833333333333
17/07/25 08:30,17/07/25,08:30,113,139,1.2300884955752212
17/07/25 08:45,17/07/25,08:45,104,124,1.1923076923076923
17/07/25 09:00,17/07/25,09:00,111,138,1.2432432432432432
17/07/25 09:15,17/07/25,09:15,117,140,1.1965811965811965
17/07/25 09:30,17/07/25,09:30,124,157,1.2661290322580645
17/07/25 09:45,17/07/25,09:45,124,154,1.2419354838709677
17/07/25 10:00,17/07/25,10:00,150,191,1.2733333333333334
17/07/25 10:15,17/07/25,10:15,140,175,1.25
17/07/25 10:30,17/07/25,10:30,130,180,1.3846153846153846
17/07/25 10:45,17/07/25,10:45,128,167,1.3046875
17/07/25 11:00,17/07/25,11:00,125,166,1.328
17/07/25 11:15,17/07/25,11:15,125,156,1.248
17/07/25 11:30,17/07/25,11:30,126,168,1.3333333333333333
17/07/25 11:45,17/07/25,11:45,122,160,1.3114754098360655
17/07/25 12:00,17/07/25,12:00,123,156,1.2682926829268293
17/07/25 12:15,17/07/25,12:15,134,173,1.291044776119403
17/07/25 12:30,17/07/25,12:30,154,216,1.4025974025974026
17/07/25 12:45,17/07/25,12:45,142,174,1.2253521126760563
17/07/25 13:00,17/07/25,13:00,137,168,1.2262773722627738
17/07/25 13:15,17/07/25,13:15,123,159,1.2926829268292683
17/07/25 13:30,17/07/25,13:30,135,169,1.2518518518518518
17/07/25 13:45,17/07/25,13:45,159,205,1.2893081761006289
17/07/25 14:00,17/07/25,14:00,150,195,1.3
17/07/25 14:15,17/07/25,14:15,143,183,1.2797202797202798
17/07/25 14:30,17/07/25,14:30,132,171,1.2954545454545454
17/07/25 14:45,17/07/25,14:45,136,189,1.3897058823529411
17/07/25 15:00,17/07/25,15:00,134,175,1.3059701492537314
17/07/25 15:15,17/07/25,15:15,141,186,1.3191489361702127
17/07/25 15:30,17/07/25,15:30,144,176,1.2222222222222223
17/07/25 15:45,17/07/25,15:45,129,168,1.302325581395349
17/07/25 16:00,17/07/25,16:00,137,173,1.2627737226277371
17/07/25 16:15,17/07/25,16:15,149,195,1.308724832214765
17/07/25 16:30,17/07/25,16:30,152,186,1.2236842105263157
17/07/25 16:45,17/07/25,16:45,147,206,1.401360544217687
17/07/25 17:00,17/07/25,17:00,134,184,1.373134328358209
17/07/25 17:15,17/07/25,17:15,137,189,1.3795620437956204
17/07/25 17:30,17/07/25,17:30,135,170,1.2592592592592593
17/07/25 17:45,17/07/25,17:45,155,200,1.2903225806451613
17/07/25 18:00,17/07/25,18:00,148,201,1.3581081081081081
17/07/25 18:15,17/07/25,18:15,136,176,1.2941176470588236
17/07/25 18:30,17/07/25,18:30,157,196,1.2484076433121019
17/07/25 18:45,17/07/25,18:45,151,196,1.2980132450331126
17/07/25 19:00,17/07/25,19:00,146,196,1.3424657534246576
17/07/25 19:15,17/07/25,19:15,153,212,1.3856209150326797
17/07/25 19:30,17/07/25,19:30,147,191,1.2993197278911566
17/07/25 19:45,17/07/25,19:45,147,204,1.3877551020408163
17/07/25 20:00,17/07/25,20:00,176,244,1.3863636363636365
17/07/25 20:15,17/07/25,20:15,130,181,1.3923076923076922
17/07/25 20:30,17/07/25,20:30,158,201,1.2721518987341771
17/07/25 20:45,17/07/25,20:45,163,237,1.4539877300613497
17/07/25 21:00,17/07/25,21:00,136,171,1.2573529411764706
17/07/25 21:15,17/07/25,21:15,152,180,1.1842105263157894
17/07/25 21:30,17/07/25,21:30,133,170,1.2781954887218046
17/07/25 21:45,17/07/25,21:45,119,144,1.2100840336134453
17/07/25 22:00,17/07/25,22:00,94,119,1.2659574468085106
17/07/25 22:15,17/07/25,22:15,91,111,1.2197802197802199
17/07/25 22:30,17/07/25,22:30,99,119,1.202020202020202
17/07/25 22:45,17/07/25,22:45,103,122,1.1844660194174756
17/07/25 23:00,17/07/25,23:00,70,78,1.1142857142857143
17/07/25 23:15,17/07/25,23:15,69,75,1.0869565217391304
17/07/25 23:30,17/07/25,23:30,76,83,1.0921052631578947
17/07/25 23:45,17/07/25,23:45,80,87,1.0875
18/07/25 00:00,18/07/25,00:00,78,85,1.0897435897435896
18/07/25 00:15,18/07/25,00:15,72,79,1.0972222222222223
18/07/25 00:30,18/07/25,00:30,57,66,1.1578947368421053
18/07/25 00:45,18/07/25,00:45,64,74,1.15625
18/07/25 01:00,18/07/25,01:00,57,64,1.1228070175438596
18/07/25 01:15,18/07/25,01:15,73,79,1.082191780821918
18/07/25 01:30,18/07/25,01:30,54,58,1.0740740740740742
18/07/25 01:45,18/07/25,01:45,71,80,1.1267605633802817
18/07/25 02:00,18/07/25,02:00,69,74,1.0724637681159421
18/07/25 02:15,18/07/25,02:15,60,64,1.0666666666666667
18/07/25 02:30,18/07/25,02:30,61,63,1.0327868852459017
18/07/25 02:45,18/07/25,02:45,48,56,1.1666666666666667
18/07/25 03:00,18/07/25,03:00,50,57,1.14
18/07/25 03:15,18/07/25,03:15,51,59,1.1568627450980393
18/07/25 03:30,18/07/25,03:30,59,64,1.0847457627118644
18/07/25 03:45,18/07/25,03:45,43,47,1.0930232558139534
18/07/25 04:00,18/07/25,04:00,45,47,1.0444444444444445
18/07/25 04:15,18/07/25,04:15,33,36,1.0909090909090908
18/07/25 04:30,18/07/25,04:30,41,44,1.0731707317073171
18/07/25 04:45,18/07/25,04:45,41,44,1.0731707317073171
18/07/25 05:00,18/07/25,05:00,47,52,1.1063829787234043
18/07/25 05:15,18/07/25,05:15,54,61,1.1296296296296295
18/07/25 05:30,18/07/25,05:30,41,45,1.0975609756097562
18/07/25 05:45,18/07/25,05:45,43,44,1.0232558139534884
18/07/25 06:00,18/07/25,06:00,71,84,1.1830985915492958
18/07/25 06:15,18/07/25,06:15,59,65,1.1016949152542372
18/07/25 06:30,18/07/25,06:30,61,69,1.1311475409836065
18/07/25 06:45,18/07/25,06:45,61,66,1.0819672131147542
18/07/25 07:00,18/07/25,07:00,91,109,1.1978021978021978
18/07/25 07:15,18/07/25,07:15,96,119,1.2395833333333333
18/07/25 07:30,18/07/25,07:30,75,89,1.1866666666666668
18/07/25 07:45,18/07/25,07:45,89,106,1.1910112359550562
18/07/25 08:00,18/07/25,08:00,102,124,1.2156862745098038
18/07/25 08:15,18/07/25,08:15,111,134,1.2072072072072073
18/07/25 08:30,18/07/25,08:30,106,122,1.150943396226415
18/07/25 08:45,18/07/25,08:45,103,128,1.2427184466019416
18/07/25 09:00,18/07/25,09:00,121,153,1.2644628099173554
18/07/25 09:15,18/07/25,09:15,131,161,1.2290076335877862
18/07/25 09:30,18/07/25,09:30,117,153,1.3076923076923077
18/07/25 09:45,18/07/25,09:45,102,135,1.3235294117647058
18/07/25 10:00,18/07/25,10:00,134,168,1.2537313432835822
18/07/25 10:15,18/07/25,10:15,160,179,1.11875
18/07/25 10:30,18/07/25,10:30,155,196,1.264516129032258
18/07/25 10:45,18/07/25,10:45,143,177,1.2377622377622377
18/07/25 11:00,18/07/25,11:00,139,185,1.330935251798561
18/07/25 11:15,18/07/25,11:15,150,200,1.3333333333333333
18/07/25 11:30,18/07/25,11:30,139,173,1.2446043165467626
18/07/25 11:45,18/07/25,11:45,144,186,1.2916666666666667
18/07/25 12:00,18/07/25,12:00,151,199,1.3178807947019868
18/07/25 12:15,18/07/25,12:15,130,178,1.3692307692307693
18/07/25 12:30,18/07/25,12:30,147,201,1.3673469387755102
18/07/25 12:45,18/07/25,12:45,135,172,1.2740740740740741
18/07/25 13:00,18/07/25,13:00,135,173,1.2814814814814814
18/07/25 13:15,18/07/25,13:15,135,162,1.2
18/07/25 13:30,18/07/25,13:30,135,172,1.2740740740740741
18/07/25 13:45,18/07/25,13:45,142,162,1.1408450704225352
18/07/25 14:00,18/07/25,14:00,133,180,1.3533834586466165
18/07/25 14:15,18/07/25,14:15,138,182,1.318840579710145
18/07/25 14:30,18/07/25,14:30,128,171,1.3359375
18/07/25 14:45,18/07/25,14:45,138,185,1.3405797101449275
18/07/25 15:00,18/07/25,15:00,131,162,1.2366412213740459
18/07/25 15:15,18/07/25,15:15,135,175,1.2962962962962963
18/07/25 15:30,18/07/25,15:30,129,164,1.2713178294573644
18/07/25 15:45,18/07/25,15:45,147,185,1.2585034013605443
18/07/25 16:00,18/07/25,16:00,133,183,1.3759398496240602
18/07/25 16:15,18/07/25,16:15,147,187,1.272108843537415
18/07/25 16:30,18/07/25,16:30,140,175,1.25
18/07/25 16:45,18/07/25,16:45,135,165,1.2222222222222223
18/07/25 17:00,18/07/25,17:00,142,184,1.295774647887324
18/07/25 17:15,18/07/25,17:15,171,197,1.152046783625731
18/07/25 17:30,18/07/25,17:30,148,199,1.3445945945945945
18/07/25 17:45,18/07/25,17:45,137,183,1.3357664233576643
18/07/25 18:00,18/07/25,18:00,152,218,1.4342105263157894
18/07/25 18:15,18/07/25,18:15,154,197,1.2792207792207793
18/07/25 18:30,18/07/25,18:30,148,198,1.337837837837838
18/07/25 18:45,18/07/25,18:45,161,222,1.3788819875776397
18/07/25 19:00,18/07/25,19:00,141,195,1.3829787234042554
18/07/25 19:15,18/07/25,19:15,161,210,1.3043478260869565
18/07/25 19:30,18/07/25,19:30,161,223,1.3850931677018634
18/07/25 19:45,18/07/25,19:45,174,210,1.206896551724138
18/07/25 20:00,18/07/25,20:00,153,213,1.392156862745098
18/07/25 20:15,18/07/25,20:15,152,207,1.361842105263158
18/07/25 20:30,18/07/25,20:30,147,203,1.380952380952381
18/07/25 20:45,18/07/25,20:45,147,205,1.3945578231292517
18/07/25 21:00,18/07/25,21:00,116,151,1.3017241379310345
18/07/25 21:15,18/07/25,21:15,124,153,1.2338709677419355
18/07/25 21:30,18/07/25,21:30,119,160,1.3445378151260505
18/07/25 21:45,18/07/25,21:45,121,143,1.1818181818181819
18/07/25 22:00,18/07/25,22:00,98,125,1.2755102040816326
18/07/25 22:15,18/07/25,22:15,107,138,1.2897196261682242
18/07/25 22:30,18/07/25,22:30,100,123,1.23
18/07/25 22:45,18/07/25,22:45,91,112,1.2307692307692308
18/07/25 23:00,18/07/25,23:00,61,71,1.1639344262295082
18/07/25 23:15,18/07/25,23:15,61,69,1.1311475409836065
18/07/25 23:30,18/07/25,23:30,61,70,1.1475409836065573
18/07/25 23:45,18/07/25,23:45,63,64,1.0158730158730158
19/07/25 00:00,19/07/25,00:00,64,70,1.09375
19/07/25 00:15,19/07/25,00:15,73,85,1.1643835616438356
19/07/25 00:30,19/07/25,00:30,85,96,1.1294117647058823
19/07/25 00:45,19/07/25,00:45,63,67,1.0634920634920635
19/07/25 01:00,19/07/25,01:00,69,75,1.0869565217391304
19/07/25 01:15,19/07/25,01:15,65,72,1.1076923076923078
19/07/25 01:30,19/07/25,01:30,61,64,1.0491803278688525
19/07/25 01:45,19/07/25,01:45,66,75,1.1363636363636365
19/07/25 02:00,19/07/25,02:00,63,67,1.0634920634920635
19/07/25 02:15,19/07/25,02:15,58,66,1.1379310344827587
19/07/25 02:30,19/07/25,02:30,55,64,1.1636363636363636
19/07/25 02:45,19/07/25,02:45,61,67,1.098360655737705
19/07/25 03:00,19/07/25,03:00,56,62,1.1071428571428572
19/07/25 03:15,19/07/25,03:15,49,51,1.0408163265306123
19/07/25 03:30,19/07/25,03:30,52,62,1.1923076923076923
19/07/25 03:45,19/07/25,03:45,36,39,1.0833333333333333
19/07/25 04:00,19/07/25,04:00,46,50,1.0869565217391304
19/07/25 04:15,19/07/25,04:15,54,57,1.0555555555555556
19/07/25 04:30,19/07/25,04:30,44,45,1.0227272727272727
19/07/25 04:45,19/07/25,04:45,43,49,1.1395348837209303
19/07/25 05:00,19/07/25,05:00,55,61,1.1090909090909091
19/07/25 05:15,19/07/25,05:15,54,58,1.0740740740740742
19/07/25 05:30,19/07/25,05:30,34,38,1.1176470588235294
19/07/25 05:45,19/07/25,05:45,43,45,1.0465116279069768
19/07/25 06:00,19/07/25,06:00,70,83,1.1857142857142857
19/07/25 06:15,19/07/25,06:15,65,72,1.1076923076923078
19/07/25 06:30,19/07/25,06:30,65,72,1.1076923076923078
19/07/25 06:45,19/07/25,06:45,61,72,1.180327868852459
19/07/25 07:00,19/07/25,07:00,77,85,1.103896103896104
19/07/25 07:15,19/07/25,07:15,87,103,1.1839080459770115
19/07/25 07:30,19/07/25,07:30,87,106,1.2183908045977012
19/07/25 07:45,19/07/25,07:45,87,107,1.2298850574712643
19/07/25 08:00,19/07/25,08:00,107,124,1.158878504672897
19/07/25 08:15,19/07/25,08:15,101,124,1.2277227722772277
19/07/25 08:30,19/07/25,08:30,101,124,1.2277227722772277
19/07/25 08:45,19/07/25,08:45,99,113,1.1414141414141414
19/07/25 09:00,19/07/25,09:00,121,147,1.2148760330578512
19/07/25 09:15,19/07/25,09:15,114,147,1.2894736842105263
19/07/25 09:30,19/07/25,09:30,131,167,1.2748091603053435
19/07/25 09:45,19/07/25,09:45,125,146,1.168
19/07/25 10:00,19/07/25,10:00,124,156,1.2580645161290323
19/07/25 10:15,19/07/25,10:15,140,184,1.3142857142857143
19/07/25 10:30,19/07/25,10:30,150,198,1.32
19/07/25 10:45,19/07/25,10:45,138,190,1.3768115942028984
19/07/25 11:00,19/07/25,11:00,134,174,1.2985074626865671
19/07/25 11:15,19/07/25,11:15,132,177,1.3409090909090908
19/07/25 11:30,19/07/25,11:30,153,176,1.1503267973856208
19/07/25 11:45,19/07/25,11:45,137,189,1.3795620437956204
19/07/25 12:00,19/07/25,12:00,126,182,1.4444444444444444
19/07/25 12:15,19/07/25,12:15,158,202,1.2784810126582278
19/07/25 12:30,19/07/25,12:30,127,162,1.2755905511811023
19/07/25 12:45,19/07/25,12:45,140,175,1.25
19/07/25 13:00,19/07/25,13:00,139,190,1.3669064748201438
19/07/25 13:15,19/07/25,13:15,132,165,1.25
19/07/25 13:30,19/07/25,13:30,141,191,1.3546099290780143
19/07/25 13:45,19/07/25,13:45,147,195,1.3265306122448979
19/07/25 14:00,19/07/25,14:00,128,165,1.2890625
19/07/25 14:15,19/07/25,14:15,159,180,1.1320754716981132
19/07/25 14:30,19/07/25,14:30,125,158,1.264
19/07/25 14:45,19/07/25,14:45,136,190,1.3970588235294117
19/07/25 15:00,19/07/25,15:00,129,174,1.3488372093023255
19/07/25 15:15,19/07/25,15:15,122,164,1.3442622950819672
19/07/25 15:30,19/07/25,15:30,136,174,1.2794117647058822
19/07/25 15:45,19/07/25,15:45,135,167,1.237037037037037
19/07/25 16:00,19/07/25,16:00,129,160,1.2403100775193798
19/07/25 16:15,19/07/25,16:15,140,182,1.3
19/07/25 16:30,19/07/25,16:30,125,166,1.328
19/07/25 16:45,19/07/25,16:45,147,181,1.2312925170068028
19/07/25 17:00,19/07/25,17:00,152,193,1.269736842105263
19/07/25 17:15,19/07/25,17:15,134,171,1.2761194029850746
19/07/25 17:30,19/07/25,17:30,131,170,1.297709923664122
19/07/25 17:45,19/07/25,17:45,147,187,1.272108843537415
19/07/25 18:00,19/07/25,18:00,163,216,1.3251533742331287
19/07/25 18:15,19/07/25,18:15,150,210,1.4
19/07/25 18:30,19/07/25,18:30,144,209,1.4513888888888888
19/07/25 18:45,19/07/25,18:45,163,196,1.2024539877300613
19/07/25 19:00,19/07/25,19:00,150,214,1.4266666666666667
19/07/25 19:15,19/07/25,19:15,168,238,1.4166666666666667
19/07/25 19:30,19/07/25,19:30,165,209,1.2666666666666666
19/07/25 19:45,19/07/25,19:45,164,218,1.329268292682927
19/07/25 20:00,19/07/25,20:00,147,210,1.4285714285714286
19/07/25 20:15,19/07/25,20:15,158,206,1.3037974683544304
19/07/25 20:30,19/07/25,20:30,157,211,1.3439490445859872
19/07/25 20:45,19/07/25,20:45,155,211,1.3612903225806452
19/07/25 21:00,19/07/25,21:00,129,163,1.2635658914728682
19/07/25 21:15,19/07/25,21:15,131,163,1.2442748091603053
19/07/25 21:30,19/07/25,21:30,130,154,1.1846153846153846
19/07/25 21:45,19/07/25,21:45,132,156,1.1818181818181819
19/07/25 22:00,19/07/25,22:00,96,110,1.1458333333333333
19/07/25 22:15,19/07/25,22:15,105,121,1.1523809523809523
19/07/25 22:30,19/07/25,22:30,86,105,1.2209302325581395
19/07/25 22:45,19/07/25,22:45,90,110,1.2222222222222223
19/07/25 23:00,19/07/25,23:00,68,76,1.1176470588235294
19/07/25 23:15,19/07/25,23:15,68,80,1.1764705882352942
19/07/25 23:30,19/07/25,23:30,66,73,1.106060606060606
19/07/25 23:45,19/07/25,23:45,70,76,1.0857142857142856
20/07/25 00:00,20/07/25,00:00,62,74,1.1935483870967742
20/07/25 00:15,20/07/25,00:15,61,72,1.180327868852459
20/07/25 00:30,20/07/25,00:30,66,70,1.0606060606060606
20/07/25 00:45,20/07/25,00:45,66,77,1.1666666666666667
20/07/25 01:00,20/07/25,01:00,75,83,1.1066666666666667
20/07/25 01:15,20/07/25,01:15,73,85,1.1643835616438356
20/07/25 01:30,20/07/25,01:30,76,86,1.131578947368421
20/07/25 01:45,20/07/25,01:45,65,73,1.123076923076923
20/07/25 02:00,20/07/25,02:00,58,64,1.103448275862069
20/07/25 02:15,20/07/25,02:15,55,59,1.0727272727272728
20/07/25 02:30,20/07/25,02:30,57,61,1.0701754385964912
20/07/25 02:45,20/07/25,02:45,59,70,1.1864406779661016
20/07/25 03:00,20/07/25,03:00,44,47,1.0681818181818181
20/07/25 03:15,20/07/25,03:15,50,51,1.02
20/07/25 03:30,20/07/25,03:30,49,52,1.0612244897959184
20/07/25 03:45,20/07/25,03:45,54,60,1.1111111111111112
20/07/25 04:00,20/07/25,04:00,45,48,1.0666666666666667
20/07/25 04:15,20/07/25,04:15,51,55,1.0784313725490196
20/07/25 04:30,20/07/25,04:30,60,67,1.1166666666666667
20/07/25 04:45,20/07/25,04:45,55,59,1.0727272727272728
20/07/25 05:00,20/07/25,05:00,53,59,1.1132075471698113
20/07/25 05:15,20/07/25,05:15,48,52,1.0833333333333333
20/07/25 05:30,20/07/25,05:30,50,51,1.02
20/07/25 05:45,20/07/25,05:45,51,55,1.0784313725490196
20/07/25 06:00,20/07/25,06:00,56,60,1.0714285714285714
20/07/25 06:15,20/07/25,06:15,63,69,1.0952380952380953
20/07/25 06:30,20/07/25,06:30,62,68,1.096774193548387
20/07/25 06:45,20/07/25,06:45,70,72,1.0285714285714285
20/07/25 07:00,20/07/25,07:00,83,98,1.180722891566265
20/07/25 07:15,20/07/25,07:15,82,92,1.1219512195121952
20/07/25 07:30,20/07/25,07:30,88,105,1.1931818181818181
20/07/25 07:45,20/07/25,07:45,90,111,1.2333333333333334
20/07/25 08:00,20/07/25,08:00,101,118,1.1683168316831682
20/07/25 08:15,20/07/25,08:15,108,130,1.2037037037037037
20/07/25 08:30,20/07/25,08:30,95,113,1.1894736842105262
20/07/25 08:45,20/07/25,08:45,100,117,1.17
20/07/25 09:00,20/07/25,09:00,113,141,1.247787610619469
20/07/25 09:15,20/07/25,09:15,116,135,1.1637931034482758
20/07/25 09:30,20/07/25,09:30,134,157,1.171641791044776
20/07/25 09:45,20/07/25,09:45,121,131,1.0826446280991735
20/07/25 10:00,20/07/25,10:00,137,180,1.313868613138686
20/07/25 10:15,20/07/25,10:15,139,183,1.316546762589928
20/07/25 10:30,20/07/25,10:30,136,175,1.286764705882353
20/07/25 10:45,20/07/25,10:45,143,197,1.3776223776223777
20/07/25 11:00,20/07/25,11:00,128,168,1.3125
20/07/25 11:15,20/07/25,11:15,145,184,1.2689655172413794
20/07/25 11:30,20/07/25,11:30,138,174,1.2608695652173914
20/07/25 11:45,20/07/25,11:45,129,158,1.2248062015503876
20/07/25 12:00,20/07/25,12:00,132,176,1.3333333333333333
20/07/25 12:15,20/07/25,12:15,132,167,1.2651515151515151
20/07/25 12:30,20/07/25,12:30,156,201,1.2884615384615385
20/07/25 12:45,20/07/25,12:45,136,156,1.1470588235294117
20/07/25 13:00,20/07/25,13:00,144,178,1.2361111111111112
20/07/25 13:15,20/07/25,13:15,130,166,1.2769230769230768
20/07/25 13:30,20/07/25,13:30,157,196,1.2484076433121019
20/07/25 13:45,20/07/25,13:45,140,181,1.292857142857143
20/07/25 14:00,20/07/25,14:00,143,187,1.3076923076923077
20/07/25 14:15,20/07/25,14:15,126,169,1.3412698412698412
20/07/25 14:30,20/07/25,14:30,140,178,1.2714285714285714
20/07/25 14:45,20/07/25,14:45,149,194,1.3020134228187918
20/07/25 15:00,20/07/25,15:00,141,185,1.3120567375886525
20/07/25 15:15,20/07/25,15:15,121,158,1.3057851239669422
20/07/25 15:30,20/07/25,15:30,135,179,1.325925925925926
20/07/25 15:45,20/07/25,15:45,149,177,1.1879194630872483
20/07/25 16:00,20/07/25,16:00,148,185,1.25
20/07/25 16:15,20/07/25,16:15,139,174,1.2517985611510791
20/07/25 16:30,20/07/25,16:30,126,156,1.2380952380952381
20/07/25 16:45,20/07/25,16:45,134,173,1.291044776119403
20/07/25 17:00,20/07/25,17:00,165,208,1.2606060606060605
20/07/25 17:15,20/07/25,17:15,164,203,1.2378048780487805
20/07/25 17:30,20/07/25,17:30,152,193,1.269736842105263
20/07/25 17:45,20/07/25,17:45,137,180,1.313868613138686
20/07/25 18:00,20/07/25,18:00,155,213,1.3741935483870968
20/07/25 18:15,20/07/25,18:15,148,191,1.2905405405405406
20/07/25 18:30,20/07/25,18:30,183,214,1.169398907103825
20/07/25 18:45,20/07/25,18:45,158,209,1.3227848101265822
20/07/25 19:00,20/07/25,19:00,150,193,1.2866666666666666
20/07/25 19:15,20/07/25,19:15,153,198,1.2941176470588236
20/07/25 19:30,20/07/25,19:30,164,207,1.2621951219512195
20/07/25 19:45,20/07/25,19:45,143,190,1.3286713286713288
20/07/25 20:00,20/07/25,20:00,161,217,1.3478260869565217
20/07/25 20:15,20/07/25,20:15,160,202,1.2625
20/07/25 20:30,20/07/25,20:30,159,213,1.3396226415094339
20/07/25 20:45,20/07/25,20:45,156,208,1.3333333333333333
20/07/25 21:00,20/07/25,21:00,138,182,1.318840579710145
20/07/25 21:15,20/07/25,21:15,150,167,1.1133333333333333
20/07/25 21:30,20/07/25,21:30,121,144,1.1900826446280992
20/07/25 21:45,20/07/25,21:45,133,171,1.2857142857142858
20/07/25 22:00,20/07/25,22:00,92,106,1.1521739130434783
20/07/25 22:15,20/07/25,22:15,96,117,1.21875
20/07/25 22:30,20/07/25,22:30,102,122,1.196078431372549
20/07/25 22:45,20/07/25,22:45,121,148,1.2231404958677685
20/07/25 23:00,20/07/25,23:00,79,90,1.139240506329114
20/07/25 23:15,20/07/25,23:15,67,75,1.1194029850746268
20/07/25 23:30,20/07/25,23:30,60,66,1.1
20/07/25 23:45,20/07/25,23:45,65,72,1.1076923076923078
21/07/25 00:00,21/07/25,00:00,76,81,1.0657894736842106
21/07/25 00:15,21/07/25,00:15,79,92,1.1645569620253164
21/07/25 00:30,21/07/25,00:30,63,73,1.1587301587301588
21/07/25 00:45,21/07/25,00:45,69,78,1.1304347826086956
21/07/25 01:00,21/07/25,01:00,80,85,1.0625
21/07/25 01:15,21/07/25,01:15,71,76,1.0704225352112675
21/07/25 01:30,21/07/25,01:30,77,88,1.1428571428571428
21/07/25 01:45,21/07/25,01:45,65,71,1.0923076923076922
21/07/25 02:00,21/07/25,02:00,62,67,1.0806451612903225
21/07/25 02:15,21/07/25,02:15,58,65,1.1206896551724137
21/07/25 02:30,21/07/25,02:30,62,64,1.032258064516129
21/07/25 02:45,21/07/25,02:45,62,72,1.1612903225806452
21/07/25 03:00,21/07/25,03:00,49,54,1.1020408163265305
21/07/25 03:15,21/07/25,03:15,60,64,1.0666666666666667
21/07/25 03:30,21/07/25,03:30,46,47,1.0217391304347827
21/07/25 03:45,21/07/25,03:45,55,63,1.1454545454545455
21/07/25 04:00,21/07/25,04:00,40,40,1
21/07/25 04:15,21/07/25,04:15,34,35,1.0294117647058822
21/07/25 04:30,21/07/25,04:30,43,48,1.1162790697674418
21/07/25 04:45,21/07/25,04:45,41,43,1.048780487804878
21/07/25 05:00,21/07/25,05:00,51,54,1.0588235294117647
21/07/25 05:15,21/07/25,05:15,57,57,1
21/07/25 05:30,21/07/25,05:30,48,53,1.1041666666666667
21/07/25 05:45,21/07/25,05:45,44,45,1.0227272727272727
21/07/25 06:00,21/07/25,06:00,67,70,1.044776119402985
21/07/25 06:15,21/07/25,06:15,61,68,1.1147540983606556
21/07/25 06:30,21/07/25,06:30,70,78,1.1142857142857143
21/07/25 06:45,21/07/25,06:45,70,75,1.0714285714285714
21/07/25 07:00,21/07/25,07:00,70,84,1.2
21/07/25 07:15,21/07/25,07:15,101,114,1.1287128712871286
21/07/25 07:30,21/07/25,07:30,90,104,1.1555555555555554
21/07/25 07:45,21/07/25,07:45,83,102,1.2289156626506024
21/07/25 08:00,21/07/25,08:00,116,146,1.2586206896551724
21/07/25 08:15,21/07/25,08:15,105,121,1.1523809523809523
21/07/25 08:30,21/07/25,08:30,112,137,1.2232142857142858
21/07/25 08:45,21/07/25,08:45,112,130,1.1607142857142858
21/07/25 09:00,21/07/25,09:00,120,162,1.35
21/07/25 09:15,21/07/25,09:15,130,163,1.2538461538461538
21/07/25 09:30,21/07/25,09:30,109,138,1.2660550458715596
21/07/25 09:45,21/07/25,09:45,117,152,1.2991452991452992
21/07/25 10:00,21/07/25,10:00,150,182,1.2133333333333334
21/07/25 10:15,21/07/25,10:15,132,160,1.2121212121212122
21/07/25 10:30,21/07/25,10:30,134,174,1.2985074626865671
21/07/25 10:45,21/07/25,10:45,142,181,1.2746478873239437
21/07/25 11:00,21/07/25,11:00,145,181,1.2482758620689656
21/07/25 11:15,21/07/25,11:15,126,159,1.2619047619047619
21/07/25 11:30,21/07/25,11:30,152,193,1.269736842105263
21/07/25 11:45,21/07/25,11:45,137,177,1.2919708029197081
21/07/25 12:00,21/07/25,12:00,140,181,1.292857142857143
21/07/25 12:15,21/07/25,12:15,137,173,1.2627737226277371
21/07/25 12:30,21/07/25,12:30,137,166,1.2116788321167884
21/07/25 12:45,21/07/25,12:45,122,161,1.319672131147541
21/07/25 13:00,21/07/25,13:00,133,167,1.255639097744361
21/07/25 13:15,21/07/25,13:15,136,181,1.3308823529411764
21/07/25 13:30,21/07/25,13:30,151,192,1.271523178807947
21/07/25 13:45,21/07/25,13:45,144,165,1.1458333333333333
21/07/25 14:00,21/07/25,14:00,133,167,1.255639097744361
21/07/25 14:15,21/07/25,14:15,140,179,1.2785714285714285
21/07/25 14:30,21/07/25,14:30,133,170,1.2781954887218046
21/07/25 14:45,21/07/25,14:45,133,177,1.330827067669173
21/07/25 15:00,21/07/25,15:00,127,164,1.2913385826771653
21/07/25 15:15,21/07/25,15:15,124,150,1.2096774193548387
21/07/25 15:30,21/07/25,15:30,135,169,1.2518518518518518
21/07/25 15:45,21/07/25,15:45,143,189,1.3216783216783217
21/07/25 16:00,21/07/25,16:00,142,187,1.3169014084507042
21/07/25 16:15,21/07/25,16:15,122,155,1.2704918032786885
21/07/25 16:30,21/07/25,16:30,158,201,1.2721518987341771
21/07/25 16:45,21/07/25,16:45,146,213,1.4589041095890412
21/07/25 17:00,21/07/25,17:00,129,176,1.3643410852713178
21/07/25 17:15,21/07/25,17:15,172,208,1.2093023255813953
21/07/25 17:30,21/07/25,17:30,142,187,1.3169014084507042
21/07/25 17:45,21/07/25,17:45,141,182,1.2907801418439717
21/07/25 18:00,21/07/25,18:00,140,181,1.292857142857143
21/07/25 18:15,21/07/25,18:15,152,189,1.243421052631579
21/07/25 18:30,21/07/25,18:30,144,197,1.3680555555555556
21/07/25 18:45,21/07/25,18:45,154,213,1.3831168831168832
21/07/25 19:00,21/07/25,19:00,150,205,1.3666666666666667
21/07/25 19:15,21/07/25,19:15,148,205,1.385135135135135
21/07/25 19:30,21/07/25,19:30,150,205,1.3666666666666667
21/07/25 19:45,21/07/25,19:45,168,202,1.2023809523809523
21/07/25 20:00,21/07/25,20:00,157,227,1.4458598726114649
21/07/25 20:15,21/07/25,20:15,151,210,1.390728476821192
21/07/25 20:30,21/07/25,20:30,161,224,1.391304347826087
21/07/25 20:45,21/07/25,20:45,136,185,1.3602941176470589
21/07/25 21:00,21/07/25,21:00,124,158,1.2741935483870968
21/07/25 21:15,21/07/25,21:15,143,184,1.2867132867132867
21/07/25 21:30,21/07/25,21:30,134,152,1.1343283582089552
21/07/25 21:45,21/07/25,21:45,130,163,1.2538461538461538
21/07/25 22:00,21/07/25,22:00,110,127,1.1545454545454545
21/07/25 22:15,21/07/25,22:15,90,112,1.2444444444444445
21/07/25 22:30,21/07/25,22:30,108,135,1.25
21/07/25 22:45,21/07/25,22:45,83,102,1.2289156626506024
21/07/25 23:00,21/07/25,23:00,60,64,1.0666666666666667
21/07/25 23:15,21/07/25,23:15,60,67,1.1166666666666667
21/07/25 23:30,21/07/25,23:30,66,77,1.1666666666666667
21/07/25 23:45,21/07/25,23:45,72,82,1.1388888888888888
22/07/25 00:00,22/07/25,00:00,59,64,1.0847457627118644
22/07/25 00:15,22/07/25,00:15,72,88,1.2222222222222223
22/07/25 00:30,22/07/25,00:30,75,82,1.0933333333333333
22/07/25 00:45,22/07/25,00:45,63,76,1.2063492063492063
22/07/25 01:00,22/07/25,01:00,62,69,1.1129032258064515
22/07/25 01:15,22/07/25,01:15,76,91,1.1973684210526316
22/07/25 01:30,22/07/25,01:30,63,71,1.126984126984127
22/07/25 01:45,22/07/25,01:45,60,67,1.1166666666666667
22/07/25 02:00,22/07/25,02:00,58,64,1.103448275862069
22/07/25 02:15,22/07/25,02:15,64,72,1.125
22/07/25 02:30,22/07/25,02:30,62,72,1.1612903225806452
22/07/25 02:45,22/07/25,02:45,59,64,1.0847457627118644
22/07/25 03:00,22/07/25,03:00,55,61,1.1090909090909091
22/07/25 03:15,22/07/25,03:15,58,60,1.0344827586206897
22/07/25 03:30,22/07/25,03:30,36,40,1.1111111111111112
22/07/25 03:45,22/07/25,03:45,63,67,1.0634920634920635
22/07/25 04:00,22/07/25,04:00,47,53,1.127659574468085
22/07/25 04:15,22/07/25,04:15,44,48,1.0909090909090908
22/07/25 04:30,22/07/25,04:30,46,52,1.1304347826086956
22/07/25 04:45,22/07/25,04:45,42,45,1.0714285714285714
22/07/25 05:00,22/07/25,05:00,42,46,1.0952380952380953
22/07/25 05:15,22/07/25,05:15,56,59,1.0535714285714286
22/07/25 05:30,22/07/25,05:30,52,54,1.0384615384615385
22/07/25 05:45,22/07/25,05:45,40,42,1.05
22/07/25 06:00,22/07/25,06:00,83,92,1.108433734939759
22/07/25 06:15,22/07/25,06:15,60,65,1.0833333333333333
22/07/25 06:30,22/07/25,06:30,71,78,1.0985915492957747
22/07/25 06:45,22/07/25,06:45,63,73,1.1587301587301588
22/07/25 07:00,22/07/25,07:00,90,107,1.1888888888888889
22/07/25 07:15,22/07/25,07:15,79,96,1.2151898734177216
22/07/25 07:30,22/07/25,07:30,79,96,1.2151898734177216
22/07/25 07:45,22/07/25,07:45,76,87,1.144736842105263
22/07/25 08:00,22/07/25,08:00,88,104,1.1818181818181819
22/07/25 08:15,22/07/25,08:15,108,127,1.1759259259259258
22/07/25 08:30,22/07/25,08:30,87,109,1.2528735632183907
22/07/25 08:45,22/07/25,08:45,105,119,1.1333333333333333
22/07/25 09:00,22/07/25,09:00,116,148,1.2758620689655173
22/07/25 09:15,22/07/25,09:15,114,144,1.263157894736842
22/07/25 09:30,22/07/25,09:30,109,138,1.2660550458715596
22/07/25 09:45,22/07/25,09:45,123,149,1.2113821138211383
22/07/25 10:00,22/07/25,10:00,138,191,1.3840579710144927
22/07/25 10:15,22/07/25,10:15,122,155,1.2704918032786885
22/07/25 10:30,22/07/25,10:30,132,178,1.3484848484848484
22/07/25 10:45,22/07/25,10:45,144,172,1.1944444444444444
22/07/25 11:00,22/07/25,11:00,128,175,1.3671875
22/07/25 11:15,22/07/25,11:15,122,159,1.3032786885245902
22/07/25 11:30,22/07/25,11:30,141,162,1.148936170212766
22/07/25 11:45,22/07/25,11:45,123,167,1.3577235772357723
22/07/25 12:00,22/07/25,12:00,150,201,1.34
22/07/25 12:15,22/07/25,12:15,131,171,1.3053435114503817
22/07/25 12:30,22/07/25,12:30,129,162,1.255813953488372
22/07/25 12:45,22/07/25,12:45,140,166,1.1857142857142857
22/07/25 13:00,22/07/25,13:00,130,168,1.2923076923076924
22/07/25 13:15,22/07/25,13:15,146,197,1.3493150684931507
22/07/25 13:30,22/07/25,13:30,130,172,1.323076923076923
22/07/25 13:45,22/07/25,13:45,126,174,1.380952380952381
22/07/25 14:00,22/07/25,14:00,151,206,1.3642384105960266
22/07/25 14:15,22/07/25,14:15,137,191,1.3941605839416058
22/07/25 14:30,22/07/25,14:30,153,181,1.1830065359477124
22/07/25 14:45,22/07/25,14:45,132,168,1.2727272727272727
22/07/25 15:00,22/07/25,15:00,131,167,1.2748091603053435
22/07/25 15:15,22/07/25,15:15,138,174,1.2608695652173914
22/07/25 15:30,22/07/25,15:30,143,184,1.2867132867132867
22/07/25 15:45,22/07/25,15:45,141,183,1.297872340425532
22/07/25 16:00,22/07/25,16:00,138,183,1.326086956521739
22/07/25 16:15,22/07/25,16:15,149,202,1.3557046979865772
22/07/25 16:30,22/07/25,16:30,164,188,1.146341463414634
22/07/25 16:45,22/07/25,16:45,131,180,1.3740458015267176
22/07/25 17:00,22/07/25,17:00,136,172,1.2647058823529411
22/07/25 17:15,22/07/25,17:15,150,184,1.2266666666666666
22/07/25 17:30,22/07/25,17:30,146,201,1.3767123287671232
22/07/25 17:45,22/07/25,17:45,153,204,1.3333333333333333
22/07/25 18:00,22/07/25,18:00,145,197,1.3586206896551725
22/07/25 18:15,22/07/25,18:15,168,221,1.3154761904761905
22/07/25 18:30,22/07/25,18:30,151,204,1.3509933774834437
22/07/25 18:45,22/07/25,18:45,136,183,1.3455882352941178
22/07/25 19:00,22/07/25,19:00,175,211,1.2057142857142857
22/07/25 19:15,22/07/25,19:15,141,179,1.2695035460992907
22/07/25 19:30,22/07/25,19:30,167,216,1.2934131736526946
22/07/25 19:45,22/07/25,19:45,162,216,1.3333333333333333
22/07/25 20:00,22/07/25,20:00,147,196,1.3333333333333333
22/07/25 20:15,22/07/25,20:15,165,219,1.3272727272727274
22/07/25 20:30,22/07/25,20:30,145,194,1.3379310344827586
22/07/25 20:45,22/07/25,20:45,165,218,1.3212121212121213
22/07/25 21:00,22/07/25,21:00,131,168,1.282442748091603
22/07/25 21:15,22/07/25,21:15,137,172,1.2554744525547445
22/07/25 21:30,22/07/25,21:30,141,176,1.24822695035461
22/07/25 21:45,22/07/25,21:45,117,155,1.3247863247863247
22/07/25 22:00,22/07/25,22:00,109,127,1.165137614678899
22/07/25 22:15,22/07/25,22:15,104,124,1.1923076923076923
22/07/25 22:30,22/07/25,22:30,95,115,1.2105263157894737
22/07/25 22:45,22/07/25,22:45,97,108,1.1134020618556701
22/07/25 23:00,22/07/25,23:00,65,72,1.1076923076923078
22/07/25 23:15,22/07/25,23:15,82,91,1.1097560975609757
22/07/25 23:30,22/07/25,23:30,77,86,1.1168831168831168
22/07/25 23:45,22/07/25,23:45,70,76,1.0857142857142856
23/07/25 00:00,23/07/25,00:00,69,75,1.0869565217391304
23/07/25 00:15,23/07/25,00:15,66,73,1.106060606060606
23/07/25 00:30,23/07/25,00:30,63,69,1.0952380952380953
23/07/25 00:45,23/07/25,00:45,62,73,1.1774193548387097
23/07/25 01:00,23/07/25,01:00,49,55,1.1224489795918366
23/07/25 01:15,23/07/25,01:15,66,71,1.0757575757575757
23/07/25 01:30,23/07/25,01:30,84,87,1.0357142857142858
23/07/25 01:45,23/07/25,01:45,63,68,1.0793650793650793
23/07/25 02:00,23/07/25,02:00,68,77,1.1323529411764706
23/07/25 02:15,23/07/25,02:15,59,66,1.11864406779661
23/07/25 02:30,23/07/25,02:30,69,76,1.1014492753623188
23/07/25 02:45,23/07/25,02:45,61,66,1.0819672131147542
23/07/25 03:00,23/07/25,03:00,53,59,1.1132075471698113
23/07/25 03:15,23/07/25,03:15,45,51,1.1333333333333333
23/07/25 03:30,23/07/25,03:30,38,45,1.1842105263157894
23/07/25 03:45,23/07/25,03:45,53,56,1.0566037735849056
23/07/25 04:00,23/07/25,04:00,37,38,1.027027027027027
23/07/25 04:15,23/07/25,04:15,63,72,1.1428571428571428
23/07/25 04:30,23/07/25,04:30,47,49,1.0425531914893618
23/07/25 04:45,23/07/25,04:45,39,42,1.0769230769230769
23/07/25 05:00,23/07/25,05:00,52,57,1.0961538461538463
23/07/25 05:15,23/07/25,05:15,45,48,1.0666666666666667
23/07/25 05:30,23/07/25,05:30,42,44,1.0476190476190477
23/07/25 05:45,23/07/25,05:45,37,38,1.027027027027027
23/07/25 06:00,23/07/25,06:00,67,74,1.1044776119402986
23/07/25 06:15,23/07/25,06:15,64,72,1.125
23/07/25 06:30,23/07/25,06:30,56,64,1.1428571428571428
23/07/25 06:45,23/07/25,06:45,64,75,1.171875
23/07/25 07:00,23/07/25,07:00,95,112,1.1789473684210525
23/07/25 07:15,23/07/25,07:15,80,86,1.075
23/07/25 07:30,23/07/25,07:30,87,98,1.1264367816091954
23/07/25 07:45,23/07/25,07:45,84,94,1.119047619047619
23/07/25 08:00,23/07/25,08:00,90,121,1.3444444444444446
23/07/25 08:15,23/07/25,08:15,121,139,1.1487603305785123
23/07/25 08:30,23/07/25,08:30,111,132,1.1891891891891893
23/07/25 08:45,23/07/25,08:45,99,120,1.2121212121212122
23/07/25 09:00,23/07/25,09:00,121,141,1.165289256198347
23/07/25 09:15,23/07/25,09:15,131,157,1.1984732824427482
23/07/25 09:30,23/07/25,09:30,131,166,1.2671755725190839
23/07/25 09:45,23/07/25,09:45,145,171,1.1793103448275861
23/07/25 10:00,23/07/25,10:00,115,140,1.2173913043478262
23/07/25 10:15,23/07/25,10:15,130,164,1.2615384615384615
23/07/25 10:30,23/07/25,10:30,129,160,1.2403100775193798
23/07/25 10:45,23/07/25,10:45,141,183,1.297872340425532
23/07/25 11:00,23/07/25,11:00,129,173,1.3410852713178294
23/07/25 11:15,23/07/25,11:15,136,184,1.3529411764705883
23/07/25 11:30,23/07/25,11:30,146,188,1.2876712328767124
23/07/25 11:45,23/07/25,11:45,119,147,1.2352941176470589
23/07/25 12:00,23/07/25,12:00,143,191,1.3356643356643356
23/07/25 12:15,23/07/25,12:15,128,170,1.328125
23/07/25 12:30,23/07/25,12:30,136,193,1.4191176470588236
23/07/25 12:45,23/07/25,12:45,163,200,1.2269938650306749
23/07/25 13:00,23/07/25,13:00,140,177,1.2642857142857142
23/07/25 13:15,23/07/25,13:15,137,187,1.364963503649635
23/07/25 13:30,23/07/25,13:30,133,166,1.2481203007518797
23/07/25 13:45,23/07/25,13:45,141,183,1.297872340425532
23/07/25 14:00,23/07/25,14:00,142,175,1.232394366197183
23/07/25 14:15,23/07/25,14:15,127,163,1.2834645669291338
23/07/25 14:30,23/07/25,14:30,138,183,1.326086956521739
23/07/25 14:45,23/07/25,14:45,127,170,1.3385826771653544
23/07/25 15:00,23/07/25,15:00,135,171,1.2666666666666666
23/07/25 15:15,23/07/25,15:15,127,173,1.3622047244094488
23/07/25 15:30,23/07/25,15:30,131,162,1.2366412213740459
23/07/25 15:45,23/07/25,15:45,154,184,1.1948051948051948
23/07/25 16:00,23/07/25,16:00,140,175,1.25
23/07/25 16:15,23/07/25,16:15,134,156,1.164179104477612
23/07/25 16:30,23/07/25,16:30,139,168,1.20863309352518
23/07/25 16:45,23/07/25,16:45,147,179,1.217687074829932
23/07/25 17:00,23/07/25,17:00,144,201,1.3958333333333333
23/07/25 17:15,23/07/25,17:15,144,177,1.2291666666666667
23/07/25 17:30,23/07/25,17:30,142,191,1.3450704225352113
23/07/25 17:45,23/07/25,17:45,156,209,1.3397435897435896
23/07/25 18:00,23/07/25,18:00,155,217,1.4
23/07/25 18:15,23/07/25,18:15,160,196,1.225
23/07/25 18:30,23/07/25,18:30,164,190,1.1585365853658536
23/07/25 18:45,23/07/25,18:45,164,219,1.3353658536585367
23/07/25 19:00,23/07/25,19:00,149,192,1.2885906040268456
23/07/25 19:15,23/07/25,19:15,141,200,1.4184397163120568
23/07/25 19:30,23/07/25,19:30,169,240,1.4201183431952662
23/07/25 19:45,23/07/25,19:45,160,215,1.34375
23/07/25 20:00,23/07/25,20:00,162,209,1.2901234567901234
23/07/25 20:15,23/07/25,20:15,155,197,1.270967741935484
23/07/25 20:30,23/07/25,20:30,147,195,1.3265306122448979
23/07/25 20:45,23/07/25,20:45,163,230,1.4110429447852761
23/07/25 21:00,23/07/25,21:00,136,180,1.3235294117647058
23/07/25 21:15,23/07/25,21:15,133,164,1.2330827067669172
23/07/25 21:30,23/07/25,21:30,142,179,1.2605633802816902
23/07/25 21:45,23/07/25,21:45,131,165,1.2595419847328244
23/07/25 22:00,23/07/25,22:00,103,120,1.1650485436893203
23/07/25 22:15,23/07/25,22:15,95,115,1.2105263157894737
23/07/25 22:30,23/07/25,22:30,99,112,1.1313131313131313
23/07/25 22:45,23/07/25,22:45,103,120,1.1650485436893203
23/07/25 23:00,23/07/25,23:00,72,79,1.0972222222222223
23/07/25 23:15,23/07/25,23:15,80,89,1.1125
23/07/25 23:30,23/07/25,23:30,74,81,1.0945945945945945
23/07/25 23:45,23/07/25,23:45,70,76,1.0857142857142856
24/07/25 00:00,24/07/25,00:00,91,99,1.0879120879120878
24/07/25 00:15,24/07/25,00:15,64,69,1.078125
24/07/25 00:30,24/07/25,00:30,71,86,1.2112676056338028
24/07/25 00:45,24/07/25,00:45,71,76,1.0704225352112675
24/07/25 01:00,24/07/25,01:00,67,69,1.0298507462686568
24/07/25 01:15,24/07/25,01:15,67,72,1.0746268656716418
24/07/25 01:30,24/07/25,01:30,76,80,1.0526315789473684
24/07/25 01:45,24/07/25,01:45,64,68,1.0625
24/07/25 02:00,24/07/25,02:00,69,72,1.0434782608695652
24/07/25 02:15,24/07/25,02:15,49,53,1.0816326530612246
24/07/25 02:30,24/07/25,02:30,64,80,1.25
24/07/25 02:45,24/07/25,02:45,60,68,1.1333333333333333
24/07/25 03:00,24/07/25,03:00,58,62,1.0689655172413792
24/07/25 03:15,24/07/25,03:15,44,47,1.0681818181818181
24/07/25 03:30,24/07/25,03:30,50,51,1.02
24/07/25 03:45,24/07/25,03:45,48,52,1.0833333333333333
24/07/25 04:00,24/07/25,04:00,53,60,1.1320754716981132
24/07/25 04:15,24/07/25,04:15,39,41,1.0512820512820513
24/07/25 04:30,24/07/25,04:30,45,51,1.1333333333333333
24/07/25 04:45,24/07/25,04:45,52,56,1.0769230769230769
24/07/25 05:00,24/07/25,05:00,47,51,1.0851063829787233
24/07/25 05:15,24/07/25,05:15,41,43,1.048780487804878
24/07/25 05:30,24/07/25,05:30,42,46,1.0952380952380953
24/07/25 05:45,24/07/25,05:45,46,49,1.065217391304348
24/07/25 06:00,24/07/25,06:00,62,66,1.064516129032258
24/07/25 06:15,24/07/25,06:15,59,71,1.2033898305084745
24/07/25 06:30,24/07/25,06:30,67,75,1.1194029850746268
24/07/25 06:45,24/07/25,06:45,72,81,1.125
24/07/25 07:00,24/07/25,07:00,78,91,1.1666666666666667
24/07/25 07:15,24/07/25,07:15,80,86,1.075
24/07/25 07:30,24/07/25,07:30,87,101,1.160919540229885
24/07/25 07:45,24/07/25,07:45,93,112,1.2043010752688172
24/07/25 08:00,24/07/25,08:00,115,133,1.1565217391304348
24/07/25 08:15,24/07/25,08:15,100,123,1.23
24/07/25 08:30,24/07/25,08:30,97,116,1.1958762886597938
24/07/25 08:45,24/07/25,08:45,114,132,1.1578947368421053
24/07/25 09:00,24/07/25,09:00,125,150,1.2
24/07/25 09:15,24/07/25,09:15,125,151,1.208
24/07/25 09:30,24/07/25,09:30,121,154,1.2727272727272727
24/07/25 09:45,24/07/25,09:45,115,142,1.2347826086956522
24/07/25 10:00,24/07/25,10:00,153,179,1.1699346405228759
24/07/25 10:15,24/07/25,10:15,142,181,1.2746478873239437
24/07/25 10:30,24/07/25,10:30,112,147,1.3125
24/07/25 10:45,24/07/25,10:45,149,198,1.3288590604026846
24/07/25 11:00,24/07/25,11:00,142,164,1.1549295774647887
24/07/25 11:15,24/07/25,11:15,133,167,1.255639097744361
24/07/25 11:30,24/07/25,11:30,132,161,1.2196969696969697
24/07/25 11:45,24/07/25,11:45,139,173,1.2446043165467626
24/07/25 12:00,24/07/25,12:00,153,198,1.2941176470588236
24/07/25 12:15,24/07/25,12:15,134,180,1.3432835820895523
24/07/25 12:30,24/07/25,12:30,144,173,1.2013888888888888
24/07/25 12:45,24/07/25,12:45,125,157,1.256
24/07/25 13:00,24/07/25,13:00,137,179,1.3065693430656935
24/07/25 13:15,24/07/25,13:15,144,174,1.2083333333333333
24/07/25 13:30,24/07/25,13:30,152,180,1.1842105263157894
24/07/25 13:45,24/07/25,13:45,156,184,1.1794871794871795
24/07/25 14:00,24/07/25,14:00,140,170,1.2142857142857142
24/07/25 14:15,24/07/25,14:15,147,185,1.2585034013605443
24/07/25 14:30,24/07/25,14:30,148,199,1.3445945945945945
24/07/25 14:45,24/07/25,14:45,121,163,1.3471074380165289
24/07/25 15:00,24/07/25,15:00,132,162,1.2272727272727273
24/07/25 15:15,24/07/25,15:15,130,165,1.2692307692307692
24/07/25 15:30,24/07/25,15:30,134,170,1.2686567164179106
24/07/25 15:45,24/07/25,15:45,150,198,1.32
24/07/25 16:00,24/07/25,16:00,145,185,1.2758620689655173
24/07/25 16:15,24/07/25,16:15,162,207,1.2777777777777777
24/07/25 16:30,24/07/25,16:30,133,168,1.263157894736842
24/07/25 16:45,24/07/25,16:45,128,162,1.265625
24/07/25 17:00,24/07/25,17:00,150,185,1.2333333333333334
24/07/25 17:15,24/07/25,17:15,167,194,1.1616766467065869
24/07/25 17:30,24/07/25,17:30,144,194,1.3472222222222223
24/07/25 17:45,24/07/25,17:45,150,199,1.3266666666666667
24/07/25 18:00,24/07/25,18:00,130,170,1.3076923076923077
24/07/25 18:15,24/07/25,18:15,161,209,1.2981366459627328
24/07/25 18:30,24/07/25,18:30,149,207,1.389261744966443
24/07/25 18:45,24/07/25,18:45,154,202,1.3116883116883118
24/07/25 19:00,24/07/25,19:00,172,221,1.2848837209302326
24/07/25 19:15,24/07/25,19:15,169,214,1.2662721893491125
24/07/25 19:30,24/07/25,19:30,141,193,1.3687943262411348
24/07/25 19:45,24/07/25,19:45,166,198,1.1927710843373494
24/07/25 20:00,24/07/25,20:00,164,223,1.3597560975609757
24/07/25 20:15,24/07/25,20:15,164,228,1.3902439024390243
24/07/25 20:30,24/07/25,20:30,168,229,1.3630952380952381
24/07/25 20:45,24/07/25,20:45,148,197,1.3310810810810811
24/07/25 21:00,24/07/25,21:00,126,157,1.246031746031746
24/07/25 21:15,24/07/25,21:15,118,151,1.2796610169491525
24/07/25 21:30,24/07/25,21:30,134,165,1.2313432835820894
24/07/25 21:45,24/07/25,21:45,132,152,1.1515151515151516
24/07/25 22:00,24/07/25,22:00,108,137,1.2685185185185186
24/07/25 22:15,24/07/25,22:15,86,104,1.2093023255813953
24/07/25 22:30,24/07/25,22:30,102,122,1.196078431372549
24/07/25 22:45,24/07/25,22:45,89,108,1.2134831460674158
24/07/25 23:00,24/07/25,23:00,78,95,1.2179487179487178
24/07/25 23:15,24/07/25,23:15,83,90,1.0843373493975903
24/07/25 23:30,24/07/25,23:30,63,75,1.1904761904761905
24/07/25 23:45,24/07/25,23:45,61,67,1.098360655737705
25/07/25 00:00,25/07/25,00:00,65,76,1.1692307692307693
25/07/25 00:15,25/07/25,00:15,73,83,1.1369863013698631
25/07/25 00:30,25/07/25,00:30,80,85,1.0625
25/07/25 00:45,25/07/25,00:45,57,64,1.1228070175438596
25/07/25 01:00,25/07/25,01:00,63,68,1.0793650793650793
25/07/25 01:15,25/07/25,01:15,69,77,1.1159420289855073
25/07/25 01:30,25/07/25,01:30,75,85,1.1333333333333333
25/07/25 01:45,25/07/25,01:45,63,69,1.0952380952380953
25/07/25 02:00,25/07/25,02:00,65,72,1.1076923076923078
25/07/25 02:15,25/07/25,02:15,64,66,1.03125
25/07/25 02:30,25/07/25,02:30,66,78,1.1818181818181819
25/07/25 02:45,25/07/25,02:45,56,62,1.1071428571428572
25/07/25 03:00,25/07/25,03:00,57,58,1.0175438596491229
25/07/25 03:15,25/07/25,03:15,57,61,1.0701754385964912
25/07/25 03:30,25/07/25,03:30,48,50,1.0416666666666667
25/07/25 03:45,25/07/25,03:45,49,55,1.1224489795918366
25/07/25 04:00,25/07/25,04:00,40,40,1
25/07/25 04:15,25/07/25,04:15,56,60,1.0714285714285714
25/07/25 04:30,25/07/25,04:30,40,43,1.075
25/07/25 04:45,25/07/25,04:45,46,49,1.065217391304348
25/07/25 05:00,25/07/25,05:00,54,60,1.1111111111111112
25/07/25 05:15,25/07/25,05:15,54,57,1.0555555555555556
25/07/25 05:30,25/07/25,05:30,45,46,1.0222222222222221
25/07/25 05:45,25/07/25,05:45,47,53,1.127659574468085
25/07/25 06:00,25/07/25,06:00,74,85,1.1486486486486487
25/07/25 06:15,25/07/25,06:15,54,65,1.2037037037037037
25/07/25 06:30,25/07/25,06:30,73,86,1.178082191780822
25/07/25 06:45,25/07/25,06:45,58,62,1.0689655172413792
25/07/25 07:00,25/07/25,07:00,72,87,1.2083333333333333
25/07/25 07:15,25/07/25,07:15,70,78,1.1142857142857143
25/07/25 07:30,25/07/25,07:30,82,92,1.1219512195121952
25/07/25 07:45,25/07/25,07:45,81,88,1.0864197530864197
25/07/25 08:00,25/07/25,08:00,101,116,1.1485148514851484
25/07/25 08:15,25/07/25,08:15,97,114,1.175257731958763
25/07/25 08:30,25/07/25,08:30,112,142,1.2678571428571428
25/07/25 08:45,25/07/25,08:45,110,119,1.0818181818181818
25/07/25 09:00,25/07/25,09:00,123,149,1.2113821138211383
25/07/25 09:15,25/07/25,09:15,116,142,1.2241379310344827
25/07/25 09:30,25/07/25,09:30,118,158,1.3389830508474576
25/07/25 09:45,25/07/25,09:45,138,173,1.2536231884057971
25/07/25 10:00,25/07/25,10:00,150,180,1.2
25/07/25 10:15,25/07/25,10:15,150,196,1.3066666666666666
25/07/25 10:30,25/07/25,10:30,109,153,1.4036697247706422
25/07/25 10:45,25/07/25,10:45,142,162,1.1408450704225352
25/07/25 11:00,25/07/25,11:00,139,187,1.3453237410071943
25/07/25 11:15,25/07/25,11:15,146,200,1.36986301369863
25/07/25 11:30,25/07/25,11:30,155,190,1.2258064516129032
25/07/25 11:45,25/07/25,11:45,127,163,1.2834645669291338
25/07/25 12:00,25/07/25,12:00,133,177,1.330827067669173
25/07/25 12:15,25/07/25,12:15,140,181,1.292857142857143
25/07/25 12:30,25/07/25,12:30,122,159,1.3032786885245902
25/07/25 12:45,25/07/25,12:45,124,169,1.3629032258064515
25/07/25 13:00,25/07/25,13:00,160,206,1.2875
25/07/25 13:15,25/07/25,13:15,136,180,1.3235294117647058
25/07/25 13:30,25/07/25,13:30,120,164,1.3666666666666667
25/07/25 13:45,25/07/25,13:45,151,194,1.2847682119205297
25/07/25 14:00,25/07/25,14:00,151,202,1.3377483443708609
25/07/25 14:15,25/07/25,14:15,117,149,1.2735042735042734
25/07/25 14:30,25/07/25,14:30,123,149,1.2113821138211383
25/07/25 14:45,25/07/25,14:45,129,163,1.2635658914728682
25/07/25 15:00,25/07/25,15:00,135,166,1.2296296296296296
25/07/25 15:15,25/07/25,15:15,131,167,1.2748091603053435
25/07/25 15:30,25/07/25,15:30,117,156,1.3333333333333333
25/07/25 15:45,25/07/25,15:45,134,180,1.3432835820895523
25/07/25 16:00,25/07/25,16:00,138,187,1.355072463768116
25/07/25 16:15,25/07/25,16:15,138,175,1.2681159420289856
25/07/25 16:30,25/07/25,16:30,145,182,1.2551724137931035
25/07/25 16:45,25/07/25,16:45,140,166,1.1857142857142857
25/07/25 17:00,25/07/25,17:00,148,196,1.3243243243243243
25/07/25 17:15,25/07/25,17:15,154,196,1.2727272727272727
25/07/25 17:30,25/07/25,17:30,151,194,1.2847682119205297
25/07/25 17:45,25/07/25,17:45,132,172,1.303030303030303
25/07/25 18:00,25/07/25,18:00,152,204,1.3421052631578947
25/07/25 18:15,25/07/25,18:15,159,215,1.3522012578616351
25/07/25 18:30,25/07/25,18:30,154,205,1.3311688311688312
25/07/25 18:45,25/07/25,18:45,137,184,1.3430656934306568
25/07/25 19:00,25/07/25,19:00,173,218,1.260115606936416
25/07/25 19:15,25/07/25,19:15,147,189,1.2857142857142858
25/07/25 19:30,25/07/25,19:30,157,207,1.3184713375796178
25/07/25 19:45,25/07/25,19:45,176,240,1.3636363636363635
25/07/25 20:00,25/07/25,20:00,163,213,1.3067484662576687
25/07/25 20:15,25/07/25,20:15,154,207,1.344155844155844
25/07/25 20:30,25/07/25,20:30,158,206,1.3037974683544304
25/07/25 20:45,25/07/25,20:45,167,222,1.3293413173652695
25/07/25 21:00,25/07/25,21:00,125,148,1.184
25/07/25 21:15,25/07/25,21:15,121,158,1.3057851239669422
25/07/25 21:30,25/07/25,21:30,161,198,1.2298136645962734
25/07/25 21:45,25/07/25,21:45,136,149,1.0955882352941178
25/07/25 22:00,25/07/25,22:00,104,119,1.1442307692307692
25/07/25 22:15,25/07/25,22:15,112,137,1.2232142857142858
25/07/25 22:30,25/07/25,22:30,96,116,1.2083333333333333
25/07/25 22:45,25/07/25,22:45,104,123,1.1826923076923077
25/07/25 23:00,25/07/25,23:00,74,82,1.1081081081081081
25/07/25 23:15,25/07/25,23:15,66,72,1.0909090909090908
25/07/25 23:30,25/07/25,23:30,67,78,1.164179104477612
25/07/25 23:45,25/07/25,23:45,67,72,1.0746268656716418
26/07/25 00:00,26/07/25,00:00,84,95,1.130952380952381
26/07/25 00:15,26/07/25,00:15,61,72,1.180327868852459
26/07/25 00:30,26/07/25,00:30,71,76,1.0704225352112675
26/07/25 00:45,26/07/25,00:45,65,73,1.123076923076923
26/07/25 01:00,26/07/25,01:00,54,60,1.1111111111111112
26/07/25 01:15,26/07/25,01:15,70,73,1.042857142857143
26/07/25 01:30,26/07/25,01:30,78,86,1.1025641025641026
26/07/25 01:45,26/07/25,01:45,81,90,1.1111111111111112
26/07/25 02:00,26/07/25,02:00,65,72,1.1076923076923078
26/07/25 02:15,26/07/25,02:15,63,68,1.0793650793650793
26/07/25 02:30,26/07/25,02:30,67,74,1.1044776119402986
26/07/25 02:45,26/07/25,02:45,62,65,1.0483870967741935
26/07/25 03:00,26/07/25,03:00,59,62,1.0508474576271187
26/07/25 03:15,26/07/25,03:15,40,47,1.175
26/07/25 03:30,26/07/25,03:30,43,48,1.1162790697674418
26/07/25 03:45,26/07/25,03:45,51,53,1.0392156862745099
26/07/25 04:00,26/07/25,04:00,40,44,1.1
26/07/25 04:15,26/07/25,04:15,46,46,1
26/07/25 04:30,26/07/25,04:30,38,42,1.105263157894737
26/07/25 04:45,26/07/25,04:45,38,45,1.1842105263157894
26/07/25 05:00,26/07/25,05:00,51,53,1.0392156862745099
26/07/25 05:15,26/07/25,05:15,59,60,1.0169491525423728
26/07/25 05:30,26/07/25,05:30,42,48,1.1428571428571428
26/07/25 05:45,26/07/25,05:45,43,45,1.0465116279069768
26/07/25 06:00,26/07/25,06:00,54,59,1.0925925925925926
26/07/25 06:15,26/07/25,06:15,82,89,1.0853658536585367
26/07/25 06:30,26/07/25,06:30,66,71,1.0757575757575757
26/07/25 06:45,26/07/25,06:45,56,64,1.1428571428571428
26/07/25 07:00,26/07/25,07:00,93,103,1.10752688172043
26/07/25 07:15,26/07/25,07:15,97,107,1.1030927835051547
26/07/25 07:30,26/07/25,07:30,86,101,1.1744186046511629
26/07/25 07:45,26/07/25,07:45,103,113,1.0970873786407767
26/07/25 08:00,26/07/25,08:00,103,122,1.1844660194174756
26/07/25 08:15,26/07/25,08:15,106,115,1.0849056603773586
26/07/25 08:30,26/07/25,08:30,104,124,1.1923076923076923
26/07/25 08:45,26/07/25,08:45,118,135,1.1440677966101696
26/07/25 09:00,26/07/25,09:00,132,160,1.2121212121212122
26/07/25 09:15,26/07/25,09:15,117,140,1.1965811965811965
26/07/25 09:30,26/07/25,09:30,127,155,1.220472440944882
26/07/25 09:45,26/07/25,09:45,131,146,1.1145038167938932
26/07/25 10:00,26/07/25,10:00,147,187,1.272108843537415
26/07/25 10:15,26/07/25,10:15,139,172,1.2374100719424461
26/07/25 10:30,26/07/25,10:30,147,182,1.2380952380952381
26/07/25 10:45,26/07/25,10:45,122,163,1.3360655737704918
26/07/25 11:00,26/07/25,11:00,139,163,1.1726618705035972
26/07/25 11:15,26/07/25,11:15,140,192,1.3714285714285714
26/07/25 11:30,26/07/25,11:30,138,165,1.1956521739130435
26/07/25 11:45,26/07/25,11:45,153,201,1.3137254901960784
26/07/25 12:00,26/07/25,12:00,141,165,1.1702127659574468
26/07/25 12:15,26/07/25,12:15,135,167,1.237037037037037
26/07/25 12:30,26/07/25,12:30,145,185,1.2758620689655173
26/07/25 12:45,26/07/25,12:45,157,175,1.1146496815286624
26/07/25 13:00,26/07/25,13:00,127,158,1.2440944881889764
26/07/25 13:15,26/07/25,13:15,138,176,1.2753623188405796
26/07/25 13:30,26/07/25,13:30,158,200,1.2658227848101267
26/07/25 13:45,26/07/25,13:45,143,173,1.2097902097902098
26/07/25 14:00,26/07/25,14:00,139,178,1.2805755395683454
26/07/25 14:15,26/07/25,14:15,145,179,1.2344827586206897
26/07/25 14:30,26/07/25,14:30,120,151,1.2583333333333333
26/07/25 14:45,26/07/25,14:45,142,185,1.3028169014084507
26/07/25 15:00,26/07/25,15:00,139,183,1.316546762589928
26/07/25 15:15,26/07/25,15:15,135,179,1.325925925925926
26/07/25 15:30,26/07/25,15:30,139,177,1.2733812949640289
26/07/25 15:45,26/07/25,15:45,137,153,1.1167883211678833
26/07/25 16:00,26/07/25,16:00,151,180,1.1920529801324504
26/07/25 16:15,26/07/25,16:15,143,189,1.3216783216783217
26/07/25 16:30,26/07/25,16:30,137,179,1.3065693430656935
26/07/25 16:45,26/07/25,16:45,149,189,1.2684563758389262
26/07/25 17:00,26/07/25,17:00,147,181,1.2312925170068028
26/07/25 17:15,26/07/25,17:15,156,194,1.2435897435897436
26/07/25 17:30,26/07/25,17:30,141,186,1.3191489361702127
26/07/25 17:45,26/07/25,17:45,141,189,1.3404255319148937
26/07/25 18:00,26/07/25,18:00,133,175,1.3157894736842106
26/07/25 18:15,26/07/25,18:15,170,226,1.3294117647058823
26/07/25 18:30,26/07/25,18:30,163,198,1.2147239263803682
26/07/25 18:45,26/07/25,18:45,162,208,1.2839506172839505
26/07/25 19:00,26/07/25,19:00,171,223,1.304093567251462
26/07/25 19:15,26/07/25,19:15,165,224,1.3575757575757577
26/07/25 19:30,26/07/25,19:30,153,207,1.3529411764705883
26/07/25 19:45,26/07/25,19:45,158,210,1.3291139240506329
26/07/25 20:00,26/07/25,20:00,162,208,1.2839506172839505
26/07/25 20:15,26/07/25,20:15,155,206,1.3290322580645162
26/07/25 20:30,26/07/25,20:30,152,190,1.25
26/07/25 20:45,26/07/25,20:45,147,190,1.2925170068027212
26/07/25 21:00,26/07/25,21:00,119,148,1.2436974789915967
26/07/25 21:15,26/07/25,21:15,139,163,1.1726618705035972
26/07/25 21:30,26/07/25,21:30,141,184,1.3049645390070923
26/07/25 21:45,26/07/25,21:45,129,168,1.302325581395349
26/07/25 22:00,26/07/25,22:00,92,104,1.1304347826086956
26/07/25 22:15,26/07/25,22:15,109,126,1.1559633027522935
26/07/25 22:30,26/07/25,22:30,93,107,1.1505376344086022
26/07/25 22:45,26/07/25,22:45,100,121,1.21
26/07/25 23:00,26/07/25,23:00,64,74,1.15625
26/07/25 23:15,26/07/25,23:15,65,69,1.0615384615384615
26/07/25 23:30,26/07/25,23:30,77,87,1.12987012987013
26/07/25 23:45,26/07/25,23:45,78,86,1.1025641025641026
27/07/25 00:00,27/07/25,00:00,70,78,1.1142857142857143
27/07/25 00:15,27/07/25,00:15,70,81,1.1571428571428573
27/07/25 00:30,27/07/25,00:30,75,84,1.12
27/07/25 00:45,27/07/25,00:45,65,75,1.1538461538461537
27/07/25 01:00,27/07/25,01:00,71,74,1.0422535211267605
27/07/25 01:15,27/07/25,01:15,72,74,1.0277777777777777
27/07/25 01:30,27/07/25,01:30,64,72,1.125
27/07/25 01:45,27/07/25,01:45,56,63,1.125
27/07/25 02:00,27/07/25,02:00,60,65,1.0833333333333333
27/07/25 02:15,27/07/25,02:15,74,76,1.027027027027027
27/07/25 02:30,27/07/25,02:30,62,71,1.1451612903225807
27/07/25 02:45,27/07/25,02:45,62,66,1.064516129032258
27/07/25 03:00,27/07/25,03:00,44,48,1.0909090909090908
27/07/25 03:15,27/07/25,03:15,57,60,1.0526315789473684
27/07/25 03:30,27/07/25,03:30,55,58,1.0545454545454545
27/07/25 03:45,27/07/25,03:45,43,45,1.0465116279069768
27/07/25 04:00,27/07/25,04:00,53,57,1.0754716981132075
27/07/25 04:15,27/07/25,04:15,31,36,1.1612903225806452
27/07/25 04:30,27/07/25,04:30,46,49,1.065217391304348
27/07/25 04:45,27/07/25,04:45,39,40,1.0256410256410255
27/07/25 05:00,27/07/25,05:00,42,42,1
27/07/25 05:15,27/07/25,05:15,42,43,1.0238095238095237
27/07/25 05:30,27/07/25,05:30,51,56,1.0980392156862746
27/07/25 05:45,27/07/25,05:45,50,51,1.02
27/07/25 06:00,27/07/25,06:00,74,78,1.054054054054054
27/07/25 06:15,27/07/25,06:15,72,76,1.0555555555555556
27/07/25 06:30,27/07/25,06:30,69,76,1.1014492753623188
27/07/25 06:45,27/07/25,06:45,61,71,1.1639344262295082
27/07/25 07:00,27/07/25,07:00,89,99,1.1123595505617978
27/07/25 07:15,27/07/25,07:15,80,91,1.1375
27/07/25 07:30,27/07/25,07:30,82,91,1.1097560975609757
27/07/25 07:45,27/07/25,07:45,93,108,1.1612903225806452
27/07/25 08:00,27/07/25,08:00,107,125,1.1682242990654206
27/07/25 08:15,27/07/25,08:15,109,131,1.201834862385321
27/07/25 08:30,27/07/25,08:30,122,146,1.1967213114754098
27/07/25 08:45,27/07/25,08:45,102,125,1.2254901960784315
27/07/25 09:00,27/07/25,09:00,134,165,1.2313432835820894
27/07/25 09:15,27/07/25,09:15,105,124,1.180952380952381
27/07/25 09:30,27/07/25,09:30,125,159,1.272
27/07/25 09:45,27/07/25,09:45,124,168,1.3548387096774193
27/07/25 10:00,27/07/25,10:00,152,195,1.2828947368421053
27/07/25 10:15,27/07/25,10:15,138,162,1.173913043478261
27/07/25 10:30,27/07/25,10:30,148,183,1.2364864864864864
27/07/25 10:45,27/07/25,10:45,139,184,1.3237410071942446
27/07/25 11:00,27/07/25,11:00,137,168,1.2262773722627738
27/07/25 11:15,27/07/25,11:15,126,149,1.1825396825396826
27/07/25 11:30,27/07/25,11:30,131,163,1.2442748091603053
27/07/25 11:45,27/07/25,11:45,138,178,1.289855072463768
27/07/25 12:00,27/07/25,12:00,139,177,1.2733812949640289
27/07/25 12:15,27/07/25,12:15,144,182,1.2638888888888888
27/07/25 12:30,27/07/25,12:30,126,157,1.246031746031746
27/07/25 12:45,27/07/25,12:45,142,192,1.352112676056338
27/07/25 13:00,27/07/25,13:00,144,179,1.2430555555555556
27/07/25 13:15,27/07/25,13:15,141,176,1.24822695035461
27/07/25 13:30,27/07/25,13:30,122,146,1.1967213114754098
27/07/25 13:45,27/07/25,13:45,129,151,1.1705426356589148
27/07/25 14:00,27/07/25,14:00,154,196,1.2727272727272727
27/07/25 14:15,27/07/25,14:15,136,170,1.25
27/07/25 14:30,27/07/25,14:30,149,182,1.221476510067114
27/07/25 14:45,27/07/25,14:45,133,174,1.3082706766917294
27/07/25 15:00,27/07/25,15:00,151,190,1.2582781456953642
27/07/25 15:15,27/07/25,15:15,123,151,1.2276422764227641
27/07/25 15:30,27/07/25,15:30,118,141,1.194915254237288
27/07/25 15:45,27/07/25,15:45,132,174,1.3181818181818181
27/07/25 16:00,27/07/25,16:00,139,181,1.3021582733812949
27/07/25 16:15,27/07/25,16:15,140,167,1.1928571428571428
27/07/25 16:30,27/07/25,16:30,151,194,1.2847682119205297
27/07/25 16:45,27/07/25,16:45,128,153,1.1953125
27/07/25 17:00,27/07/25,17:00,154,195,1.2662337662337662
27/07/25 17:15,27/07/25,17:15,146,194,1.3287671232876712
27/07/25 17:30,27/07/25,17:30,170,203,1.1941176470588235
27/07/25 17:45,27/07/25,17:45,135,182,1.348148148148148
27/07/25 18:00,27/07/25,18:00,142,189,1.3309859154929577
27/07/25 18:15,27/07/25,18:15,155,201,1.2967741935483872
27/07/25 18:30,27/07/25,18:30,157,211,1.3439490445859872
27/07/25 18:45,27/07/25,18:45,174,212,1.2183908045977012
27/07/25 19:00,27/07/25,19:00,169,232,1.3727810650887573
27/07/25 19:15,27/07/25,19:15,157,216,1.375796178343949
27/07/25 19:30,27/07/25,19:30,164,214,1.3048780487804879
27/07/25 19:45,27/07/25,19:45,160,204,1.275
27/07/25 20:00,27/07/25,20:00,150,192,1.28
27/07/25 20:15,27/07/25,20:15,146,185,1.2671232876712328
27/07/25 20:30,27/07/25,20:30,172,234,1.3604651162790697
27/07/25 20:45,27/07/25,20:45,161,215,1.3354037267080745
27/07/25 21:00,27/07/25,21:00,119,164,1.3781512605042017
27/07/25 21:15,27/07/25,21:15,133,179,1.3458646616541354
27/07/25 21:30,27/07/25,21:30,137,185,1.3503649635036497
27/07/25 21:45,27/07/25,21:45,150,170,1.1333333333333333
27/07/25 22:00,27/07/25,22:00,103,126,1.2233009708737863
27/07/25 22:15,27/07/25,22:15,109,127,1.165137614678899
27/07/25 22:30,27/07/25,22:30,96,118,1.2291666666666667
27/07/25 22:45,27/07/25,22:45,96,107,1.1145833333333333
27/07/25 23:00,27/07/25,23:00,76,82,1.0789473684210527
27/07/25 23:15,27/07/25,23:15,81,96,1.1851851851851851
27/07/25 23:30,27/07/25,23:30,57,66,1.1578947368421053
27/07/25 23:45,27/07/25,23:45,79,90,1.139240506329114
28/07/25 00:00,28/07/25,00:00,72,80,1.1111111111111112
28/07/25 00:15,28/07/25,00:15,61,66,1.0819672131147542
28/07/25 00:30,28/07/25,00:30,67,77,1.1492537313432836
28/07/25 00:45,28/07/25,00:45,74,84,1.135135135135135
28/07/25 01:00,28/07/25,01:00,62,74,1.1935483870967742
28/07/25 01:15,28/07/25,01:15,78,86,1.1025641025641026
28/07/25 01:30,28/07/25,01:30,69,76,1.1014492753623188
28/07/25 01:45,28/07/25,01:45,55,66,1.2
28/07/25 02:00,28/07/25,02:00,64,73,1.140625
28/07/25 02:15,28/07/25,02:15,64,75,1.171875
28/07/25 02:30,28/07/25,02:30,53,62,1.169811320754717
28/07/25 02:45,28/07/25,02:45,55,59,1.0727272727272728
28/07/25 03:00,28/07/25,03:00,48,59,1.2291666666666667
28/07/25 03:15,28/07/25,03:15,65,67,1.0307692307692307
28/07/25 03:30,28/07/25,03:30,47,52,1.1063829787234043
28/07/25 03:45,28/07/25,03:45,44,54,1.2272727272727273
28/07/25 04:00,28/07/25,04:00,38,44,1.1578947368421053
28/07/25 04:15,28/07/25,04:15,42,46,1.0952380952380953
28/07/25 04:30,28/07/25,04:30,56,59,1.0535714285714286
28/07/25 04:45,28/07/25,04:45,49,52,1.0612244897959184
28/07/25 05:00,28/07/25,05:00,45,46,1.0222222222222221
28/07/25 05:15,28/07/25,05:15,40,43,1.075
28/07/25 05:30,28/07/25,05:30,56,59,1.0535714285714286
28/07/25 05:45,28/07/25,05:45,48,51,1.0625
28/07/25 06:00,28/07/25,06:00,69,77,1.1159420289855073
28/07/25 06:15,28/07/25,06:15,68,75,1.1029411764705883
28/07/25 06:30,28/07/25,06:30,69,72,1.0434782608695652
28/07/25 06:45,28/07/25,06:45,80,92,1.15
28/07/25 07:00,28/07/25,07:00,102,116,1.1372549019607843
28/07/25 07:15,28/07/25,07:15,104,122,1.1730769230769231
28/07/25 07:30,28/07/25,07:30,87,102,1.1724137931034482
28/07/25 07:45,28/07/25,07:45,95,109,1.1473684210526316
28/07/25 08:00,28/07/25,08:00,109,135,1.238532110091743
28/07/25 08:15,28/07/25,08:15,122,140,1.1475409836065573
28/07/25 08:30,28/07/25,08:30,97,115,1.1855670103092784
28/07/25 08:45,28/07/25,08:45,111,131,1.1801801801801801
28/07/25 09:00,28/07/25,09:00,123,156,1.2682926829268293
28/07/25 09:15,28/07/25,09:15,130,163,1.2538461538461538
28/07/25 09:30,28/07/25,09:30,108,135,1.25
28/07/25 09:45,28/07/25,09:45,120,144,1.2
28/07/25 10:00,28/07/25,10:00,137,176,1.2846715328467153
28/07/25 10:15,28/07/25,10:15,146,197,1.3493150684931507
28/07/25 10:30,28/07/25,10:30,135,161,1.1925925925925926
28/07/25 10:45,28/07/25,10:45,138,186,1.3478260869565217
28/07/25 11:00,28/07/25,11:00,121,155,1.28099173553719
28/07/25 11:15,28/07/25,11:15,140,185,1.3214285714285714
28/07/25 11:30,28/07/25,11:30,147,173,1.1768707482993197
28/07/25 11:45,28/07/25,11:45,129,171,1.3255813953488371
28/07/25 12:00,28/07/25,12:00,121,156,1.2892561983471074
28/07/25 12:15,28/07/25,12:15,132,158,1.196969696969697
28/07/25 12:30,28/07/25,12:30,149,203,1.3624161073825503
28/07/25 12:45,28/07/25,12:45,147,167,1.1360544217687074
28/07/25 13:00,28/07/25,13:00,129,169,1.310077519379845
28/07/25 13:15,28/07/25,13:15,133,167,1.255639097744361
28/07/25 13:30,28/07/25,13:30,130,174,1.3384615384615384
28/07/25 13:45,28/07/25,13:45,123,156,1.2682926829268293
28/07/25 14:00,28/07/25,14:00,137,169,1.2335766423357664
28/07/25 14:15,28/07/25,14:15,135,161,1.1925925925925926
28/07/25 14:30,28/07/25,14:30,147,176,1.1972789115646258
28/07/25 14:45,28/07/25,14:45,133,183,1.3759398496240602
28/07/25 15:00,28/07/25,15:00,134,161,1.2014925373134329
28/07/25 15:15,28/07/25,15:15,139,190,1.3669064748201438
28/07/25 15:30,28/07/25,15:30,141,172,1.2198581560283688
28/07/25 15:45,28/07/25,15:45,132,160,1.2121212121212122
28/07/25 16:00,28/07/25,16:00,130,176,1.353846153846154
28/07/25 16:15,28/07/25,16:15,144,181,1.2569444444444444
28/07/25 16:30,28/07/25,16:30,128,173,1.3515625
28/07/25 16:45,28/07/25,16:45,134,175,1.3059701492537314
28/07/25 17:00,28/07/25,17:00,139,187,1.3453237410071943
28/07/25 17:15,28/07/25,17:15,162,207,1.2777777777777777
28/07/25 17:30,28/07/25,17:30,140,176,1.2571428571428571
28/07/25 17:45,28/07/25,17:45,141,187,1.326241134751773
28/07/25 18:00,28/07/25,18:00,170,234,1.3764705882352941
28/07/25 18:15,28/07/25,18:15,154,206,1.3376623376623376
28/07/25 18:30,28/07/25,18:30,155,213,1.3741935483870968
28/07/25 18:45,28/07/25,18:45,163,218,1.3374233128834356
28/07/25 19:00,28/07/25,19:00,148,198,1.337837837837838
28/07/25 19:15,28/07/25,19:15,145,196,1.3517241379310345
28/07/25 19:30,28/07/25,19:30,157,189,1.2038216560509554
28/07/25 19:45,28/07/25,19:45,144,199,1.3819444444444444
28/07/25 20:00,28/07/25,20:00,144,191,1.3263888888888888
28/07/25 20:15,28/07/25,20:15,175,221,1.262857142857143
28/07/25 20:30,28/07/25,20:30,154,198,1.2857142857142858
28/07/25 20:45,28/07/25,20:45,158,204,1.2911392405063291
28/07/25 21:00,28/07/25,21:00,128,156,1.21875
28/07/25 21:15,28/07/25,21:15,125,167,1.336
28/07/25 21:30,28/07/25,21:30,136,193,1.4191176470588236
28/07/25 21:45,28/07/25,21:45,142,176,1.2394366197183098
28/07/25 22:00,28/07/25,22:00,112,126,1.125
28/07/25 22:15,28/07/25,22:15,89,104,1.1685393258426966
28/07/25 22:30,28/07/25,22:30,95,113,1.1894736842105262
28/07/25 22:45,28/07/25,22:45,110,123,1.1181818181818182
28/07/25 23:00,28/07/25,23:00,60,70,1.1666666666666667
28/07/25 23:15,28/07/25,23:15,61,68,1.1147540983606556
28/07/25 23:30,28/07/25,23:30,57,66,1.1578947368421053
28/07/25 23:45,28/07/25,23:45,81,88,1.0864197530864197
29/07/25 00:00,29/07/25,00:00,80,88,1.1
29/07/25 00:15,29/07/25,00:15,59,68,1.152542372881356
29/07/25 00:30,29/07/25,00:30,61,64,1.0491803278688525
29/07/25 00:45,29/07/25,00:45,74,82,1.1081081081081081
29/07/25 01:00,29/07/25,01:00,68,81,1.1911764705882353
29/07/25 01:15,29/07/25,01:15,68,78,1.1470588235294117
29/07/25 01:30,29/07/25,01:30,67,78,1.164179104477612
29/07/25 01:45,29/07/25,01:45,80,91,1.1375
29/07/25 02:00,29/07/25,02:00,77,83,1.077922077922078
29/07/25 02:15,29/07/25,02:15,61,67,1.098360655737705
29/07/25 02:30,29/07/25,02:30,63,65,1.0317460317460319
29/07/25 02:45,29/07/25,02:45,66,73,1.106060606060606
29/07/25 03:00,29/07/25,03:00,60,64,1.0666666666666667
29/07/25 03:15,29/07/25,03:15,52,54,1.0384615384615385
29/07/25 03:30,29/07/25,03:30,49,51,1.0408163265306123
29/07/25 03:45,29/07/25,03:45,60,62,1.0333333333333334
29/07/25 04:00,29/07/25,04:00,33,33,1
29/07/25 04:15,29/07/25,04:15,40,43,1.075
29/07/25 04:30,29/07/25,04:30,46,46,1
29/07/25 04:45,29/07/25,04:45,37,38,1.027027027027027
29/07/25 05:00,29/07/25,05:00,43,47,1.0930232558139534
29/07/25 05:15,29/07/25,05:15,50,57,1.14
29/07/25 05:30,29/07/25,05:30,56,61,1.0892857142857142
29/07/25 05:45,29/07/25,05:45,50,55,1.1
29/07/25 06:00,29/07/25,06:00,68,74,1.088235294117647
29/07/25 06:15,29/07/25,06:15,69,76,1.1014492753623188
29/07/25 06:30,29/07/25,06:30,68,76,1.1176470588235294
29/07/25 06:45,29/07/25,06:45,55,60,1.0909090909090908
29/07/25 07:00,29/07/25,07:00,78,88,1.1282051282051282
29/07/25 07:15,29/07/25,07:15,85,95,1.1176470588235294
29/07/25 07:30,29/07/25,07:30,78,88,1.1282051282051282
29/07/25 07:45,29/07/25,07:45,87,100,1.1494252873563218
29/07/25 08:00,29/07/25,08:00,108,126,1.1666666666666667
29/07/25 08:15,29/07/25,08:15,116,133,1.146551724137931
29/07/25 08:30,29/07/25,08:30,105,127,1.2095238095238094
29/07/25 08:45,29/07/25,08:45,107,123,1.1495327102803738
29/07/25 09:00,29/07/25,09:00,121,140,1.1570247933884297
29/07/25 09:15,29/07/25,09:15,115,136,1.182608695652174
29/07/25 09:30,29/07/25,09:30,131,152,1.1603053435114503
29/07/25 09:45,29/07/25,09:45,122,153,1.2540983606557377
29/07/25 10:00,29/07/25,10:00,156,181,1.1602564102564104
29/07/25 10:15,29/07/25,10:15,142,175,1.232394366197183
29/07/25 10:30,29/07/25,10:30,132,175,1.3257575757575757
29/07/25 10:45,29/07/25,10:45,138,166,1.2028985507246377
29/07/25 11:00,29/07/25,11:00,127,159,1.2519685039370079
29/07/25 11:15,29/07/25,11:15,133,176,1.3233082706766917
29/07/25 11:30,29/07/25,11:30,143,186,1.3006993006993006
29/07/25 11:45,29/07/25,11:45,122,154,1.2622950819672132
29/07/25 12:00,29/07/25,12:00,136,178,1.3088235294117647
29/07/25 12:15,29/07/25,12:15,134,171,1.2761194029850746
29/07/25 12:30,29/07/25,12:30,148,188,1.2702702702702702
29/07/25 12:45,29/07/25,12:45,158,204,1.2911392405063291
29/07/25 13:00,29/07/25,13:00,144,169,1.1736111111111112
29/07/25 13:15,29/07/25,13:15,160,194,1.2125
29/07/25 13:30,29/07/25,13:30,148,172,1.162162162162162
29/07/25 13:45,29/07/25,13:45,139,169,1.2158273381294964
29/07/25 14:00,29/07/25,14:00,130,171,1.3153846153846154
29/07/25 14:15,29/07/25,14:15,148,181,1.222972972972973
29/07/25 14:30,29/07/25,14:30,155,198,1.2774193548387096
29/07/25 14:45,29/07/25,14:45,139,177,1.2733812949640289
29/07/25 15:00,29/07/25,15:00,139,173,1.2446043165467626
29/07/25 15:15,29/07/25,15:15,139,178,1.2805755395683454
29/07/25 15:30,29/07/25,15:30,144,185,1.2847222222222223
29/07/25 15:45,29/07/25,15:45,141,173,1.2269503546099292
29/07/25 16:00,29/07/25,16:00,143,178,1.2447552447552448
29/07/25 16:15,29/07/25,16:15,134,167,1.2462686567164178
29/07/25 16:30,29/07/25,16:30,160,199,1.24375
29/07/25 16:45,29/07/25,16:45,145,191,1.3172413793103448
29/07/25 17:00,29/07/25,17:00,145,194,1.3379310344827586
29/07/25 17:15,29/07/25,17:15,154,197,1.2792207792207793
29/07/25 17:30,29/07/25,17:30,156,193,1.2371794871794872
29/07/25 17:45,29/07/25,17:45,137,174,1.27007299270073
29/07/25 18:00,29/07/25,18:00,159,196,1.2327044025157232
29/07/25 18:15,29/07/25,18:15,167,219,1.311377245508982
29/07/25 18:30,29/07/25,18:30,176,201,1.1420454545454546
29/07/25 18:45,29/07/25,18:45,142,198,1.3943661971830985
29/07/25 19:00,29/07/25,19:00,159,198,1.2452830188679245
29/07/25 19:15,29/07/25,19:15,161,208,1.2919254658385093
29/07/25 19:30,29/07/25,19:30,159,198,1.2452830188679245
29/07/25 19:45,29/07/25,19:45,158,202,1.2784810126582278
29/07/25 20:00,29/07/25,20:00,150,188,1.2533333333333334
29/07/25 20:15,29/07/25,20:15,169,222,1.3136094674556213
29/07/25 20:30,29/07/25,20:30,168,218,1.2976190476190477
29/07/25 20:45,29/07/25,20:45,183,236,1.289617486338798
29/07/25 21:00,29/07/25,21:00,137,167,1.218978102189781
29/07/25 21:15,29/07/25,21:15,150,168,1.12
29/07/25 21:30,29/07/25,21:30,140,177,1.2642857142857142
29/07/25 21:45,29/07/25,21:45,131,148,1.1297709923664123
29/07/25 22:00,29/07/25,22:00,90,106,1.1777777777777778
29/07/25 22:15,29/07/25,22:15,103,121,1.174757281553398
29/07/25 22:30,29/07/25,22:30,100,121,1.21
29/07/25 22:45,29/07/25,22:45,102,125,1.2254901960784315
29/07/25 23:00,29/07/25,23:00,68,70,1.0294117647058822
29/07/25 23:15,29/07/25,23:15,60,68,1.1333333333333333
29/07/25 23:30,29/07/25,23:30,56,58,1.0357142857142858
29/07/25 23:45,29/07/25,23:45,60,66,1.1
30/07/25 00:00,30/07/25,00:00,71,82,1.1549295774647887
30/07/25 00:15,30/07/25,00:15,75,82,1.0933333333333333
30/07/25 00:30,30/07/25,00:30,67,79,1.1791044776119404
30/07/25 00:45,30/07/25,00:45,64,70,1.09375
30/07/25 01:00,30/07/25,01:00,67,72,1.0746268656716418
30/07/25 01:15,30/07/25,01:15,56,67,1.1964285714285714
30/07/25 01:30,30/07/25,01:30,60,65,1.0833333333333333
30/07/25 01:45,30/07/25,01:45,68,74,1.088235294117647
30/07/25 02:00,30/07/25,02:00,56,63,1.125
30/07/25 02:15,30/07/25,02:15,62,65,1.0483870967741935
30/07/25 02:30,30/07/25,02:30,55,61,1.1090909090909091
30/07/25 02:45,30/07/25,02:45,69,80,1.1594202898550725
30/07/25 03:00,30/07/25,03:00,51,54,1.0588235294117647
30/07/25 03:15,30/07/25,03:15,55,60,1.0909090909090908
30/07/25 03:30,30/07/25,03:30,59,66,1.11864406779661
30/07/25 03:45,30/07/25,03:45,44,49,1.1136363636363635
30/07/25 04:00,30/07/25,04:00,42,44,1.0476190476190477
30/07/25 04:15,30/07/25,04:15,36,39,1.0833333333333333
30/07/25 04:30,30/07/25,04:30,48,52,1.0833333333333333
30/07/25 04:45,30/07/25,04:45,41,51,1.2439024390243902
30/07/25 05:00,30/07/25,05:00,42,44,1.0476190476190477
30/07/25 05:15,30/07/25,05:15,47,50,1.0638297872340425
30/07/25 05:30,30/07/25,05:30,43,46,1.069767441860465
30/07/25 05:45,30/07/25,05:45,40,43,1.075
30/07/25 06:00,30/07/25,06:00,67,74,1.1044776119402986
30/07/25 06:15,30/07/25,06:15,67,79,1.1791044776119404
30/07/25 06:30,30/07/25,06:30,65,75,1.1538461538461537
30/07/25 06:45,30/07/25,06:45,54,61,1.1296296296296295
30/07/25 07:00,30/07/25,07:00,102,117,1.1470588235294117
30/07/25 07:15,30/07/25,07:15,91,105,1.1538461538461537
30/07/25 07:30,30/07/25,07:30,90,103,1.1444444444444444
30/07/25 07:45,30/07/25,07:45,81,91,1.123456790123457
30/07/25 08:00,30/07/25,08:00,104,117,1.125
30/07/25 08:15,30/07/25,08:15,104,126,1.2115384615384615
30/07/25 08:30,30/07/25,08:30,109,127,1.165137614678899
30/07/25 08:45,30/07/25,08:45,114,145,1.2719298245614035
30/07/25 09:00,30/07/25,09:00,133,163,1.2255639097744362
30/07/25 09:15,30/07/25,09:15,119,143,1.2016806722689075
30/07/25 09:30,30/07/25,09:30,122,156,1.278688524590164
30/07/25 09:45,30/07/25,09:45,140,174,1.2428571428571429
30/07/25 10:00,30/07/25,10:00,146,180,1.2328767123287672
30/07/25 10:15,30/07/25,10:15,130,145,1.1153846153846154
30/07/25 10:30,30/07/25,10:30,150,186,1.24
30/07/25 10:45,30/07/25,10:45,146,187,1.2808219178082192
30/07/25 11:00,30/07/25,11:00,151,185,1.2251655629139073
30/07/25 11:15,30/07/25,11:15,149,183,1.2281879194630871
30/07/25 11:30,30/07/25,11:30,138,170,1.2318840579710144
30/07/25 11:45,30/07/25,11:45,117,157,1.3418803418803418
30/07/25 12:00,30/07/25,12:00,153,203,1.326797385620915
30/07/25 12:15,30/07/25,12:15,131,158,1.2061068702290076
30/07/25 12:30,30/07/25,12:30,140,171,1.2214285714285715
30/07/25 12:45,30/07/25,12:45,133,169,1.2706766917293233
30/07/25 13:00,30/07/25,13:00,120,155,1.2916666666666667
30/07/25 13:15,30/07/25,13:15,146,189,1.2945205479452055
30/07/25 13:30,30/07/25,13:30,148,182,1.2297297297297298
30/07/25 13:45,30/07/25,13:45,125,152,1.216
30/07/25 14:00,30/07/25,14:00,155,188,1.2129032258064516
30/07/25 14:15,30/07/25,14:15,141,172,1.2198581560283688
30/07/25 14:30,30/07/25,14:30,139,170,1.223021582733813
30/07/25 14:45,30/07/25,14:45,146,184,1.2602739726027397
30/07/25 15:00,30/07/25,15:00,142,177,1.2464788732394365
30/07/25 15:15,30/07/25,15:15,148,187,1.2635135135135136
30/07/25 15:30,30/07/25,15:30,134,164,1.2238805970149254
30/07/25 15:45,30/07/25,15:45,148,176,1.1891891891891893
30/07/25 16:00,30/07/25,16:00,161,207,1.2857142857142858
30/07/25 16:15,30/07/25,16:15,133,164,1.2330827067669172
30/07/25 16:30,30/07/25,16:30,146,193,1.321917808219178
30/07/25 16:45,30/07/25,16:45,140,173,1.2357142857142858
30/07/25 17:00,30/07/25,17:00,160,208,1.3
30/07/25 17:15,30/07/25,17:15,148,187,1.2635135135135136
30/07/25 17:30,30/07/25,17:30,124,175,1.4112903225806452
30/07/25 17:45,30/07/25,17:45,147,184,1.251700680272109
30/07/25 18:00,30/07/25,18:00,148,186,1.2567567567567568
30/07/25 18:15,30/07/25,18:15,132,180,1.3636363636363635
30/07/25 18:30,30/07/25,18:30,161,204,1.2670807453416149
30/07/25 18:45,30/07/25,18:45,153,190,1.2418300653594772
30/07/25 19:00,30/07/25,19:00,161,204,1.2670807453416149
30/07/25 19:15,30/07/25,19:15,168,215,1.2797619047619047
30/07/25 19:30,30/07/25,19:30,153,201,1.3137254901960784
30/07/25 19:45,30/07/25,19:45,152,202,1.3289473684210527
30/07/25 20:00,30/07/25,20:00,178,214,1.202247191011236
30/07/25 20:15,30/07/25,20:15,163,226,1.3865030674846626
30/07/25 20:30,30/07/25,20:30,158,227,1.4367088607594938
30/07/25 20:45,30/07/25,20:45,179,223,1.2458100558659218
